No.,State,Country
1,Distrito Federal,Mexico
2,,Mexico
3,Distrito Federal,Mexico
4,,Mexico
5,CHIAPAS,Mexico
6,TABASCO,Mexico
7,,Mexico
8,,Mexico
9,Distrito Federal,Mexico
10,Distrito Federal,Mexico
11,Distrito Federal,Mexico
12,CHIAPAS,Mexico
13,QUINTANA ROO,Mexico
14,OAXACA,Mexico
15,Distrito Federal,Mexico
16,CHIAPAS,Mexico
17,QUINTANA ROO,Mexico
18,,Mexico
19,QUINTANA ROO,Mexico
20,CHIAPAS,Mexico
21,CHIAPAS,Mexico
22,Distrito Federal,Mexico
23,CHIAPAS,Mexico
24,QUINTANA ROO,Mexico
25,TABASCO,Mexico
26,TABASCO,Mexico
27,Distrito Federal,Mexico
28,QUINTANA ROO,Mexico
29,Distrito Federal,Mexico
30,Distrito Federal,Mexico
31,Distrito Federal,Mexico
32,CHIAPAS,Mexico
33,Distrito Federal,Mexico
34,TABASCO,Mexico
35,TABASCO,Mexico
36,QUINTANA ROO,Mexico
37,OAXACA,Mexico
38,Distrito Federal,Mexico
39,CHIAPAS,Mexico
40,Distrito Federal,Mexico
41,Distrito Federal,Mexico
42,CAMPECHE,Mexico
43,CHIAPAS,Mexico
44,CHIAPAS,Mexico
45,CHIAPAS,Mexico
46,PUEBLA,Mexico
47,CHIAPAS,Mexico
48,QUINTANA ROO,Mexico
49,CHIAPAS,Mexico
50,CHIAPAS,Mexico
51,QUINTANA ROO,Mexico
52,CHIAPAS,Mexico
53,Distrito Federal,Mexico
54,QUINTANA ROO,Mexico
55,TABASCO,Mexico
56,TLAXCALA,Mexico
57,QUINTANA ROO,Mexico
58,Distrito Federal,Mexico
59,TLAXCALA,Mexico
60,TLAXCALA,Mexico
61,Distrito Federal,Mexico
62,TABASCO,Mexico
63,Distrito Federal,Mexico
64,,Mexico
65,,Mexico
66,Distrito Federal,Mexico
67,QUINTANA ROO,Mexico
68,Distrito Federal,Mexico
69,TABASCO,Mexico
70,QUINTANA ROO,Mexico
71,QUINTANA ROO,Mexico
72,TABASCO,Mexico
73,Distrito Federal,Mexico
74,,Mexico
75,CHIAPAS,Mexico
76,QUINTANA ROO,Mexico
77,QUINTANA ROO,Mexico
78,QUINTANA ROO,Mexico
79,QUINTANA ROO,Mexico
80,QUINTANA ROO,Mexico
81,Distrito Federal,Mexico
82,Distrito Federal,Mexico
83,Distrito Federal,Mexico
84,QUINTANA ROO,Mexico
85,QUINTANA ROO,Mexico
86,QUINTANA ROO,Mexico
87,Distrito Federal,Mexico
88,CHIAPAS,Mexico
89,QUINTANA ROO,Mexico
90,Distrito Federal,Mexico
91,Distrito Federal,Mexico
92,CHIAPAS,Mexico
93,QUINTANA ROO,Mexico
94,Distrito Federal,Mexico
95,QUINTANA ROO,Mexico
96,QUINTANA ROO,Mexico
97,QUINTANA ROO,Mexico
98,Distrito Federal,Mexico
99,Distrito Federal,Mexico
100,QUINTANA ROO,Mexico
101,CHIAPAS,Mexico
102,QUINTANA ROO,Mexico
103,QUINTANA ROO,Mexico
104,BAJA CALIFORNIA,Mexico
105,Michoacán,Mexico
106,QUINTANA ROO,Mexico
107,Distrito Federal,Mexico
108,,Mexico
109,GUERRERO,Mexico
110,QUINTANA ROO,Mexico
111,MORELOS,Mexico
112,QUINTANA ROO,Mexico
113,CHIAPAS,Mexico
114,Distrito Federal,Mexico
115,JALISCO,Mexico
116,QUINTANA ROO,Mexico
117,CHIAPAS,Mexico
118,CHIAPAS,Mexico
119,CHIAPAS,Mexico
120,,Mexico
121,,Mexico
122,Distrito Federal,Mexico
123,,Mexico
124,OAXACA,Mexico
125,,Mexico
126,,Mexico
127,,Mexico
128,OAXACA,Mexico
129,Distrito Federal,Mexico
130,,Mexico
131,PUEBLA,Mexico
132,Distrito Federal,Mexico
133,COAHUILA,Mexico
134,PUEBLA,Mexico
135,NAYARIT,Mexico
136,OAXACA,Mexico
137,NAYARIT,Mexico
138,OAXACA,Mexico
139,OAXACA,Mexico
140,,Mexico
141,,Mexico
142,,Mexico
143,,Mexico
144,,Mexico
145,,Mexico
146,PUEBLA,Mexico
147,,Mexico
148,,Mexico
149,SONORA,Mexico
150,GUERRERO,Mexico
151,QUINTANA ROO,Mexico
152,SONORA,Mexico
153,,Mexico
154,,Mexico
155,,Mexico
156,CHIHUAHUA,Mexico
157,QUINTANA ROO,Mexico
158,BAJA CALIFORNIA SUR,Mexico
159,CHIHUAHUA,Mexico
160,BAJA CALIFORNIA SUR,Mexico
161,Nuevo León,Mexico
162,QUINTANA ROO,Mexico
163,HIDALGO,Mexico
164,SONORA,Mexico
165,CHIHUAHUA,Mexico
166,SONORA,Mexico
167,CHIHUAHUA,Mexico
168,CHIHUAHUA,Mexico
169,QUINTANA ROO,Mexico
170,DURANGO,Mexico
171,CHIHUAHUA,Mexico
172,COAHUILA,Mexico
173,QUINTANA ROO,Mexico
174,PUEBLA,Mexico
175,GUERRERO,Mexico
176,HIDALGO,Mexico
177,QUINTANA ROO,Mexico
178,BAJA CALIFORNIA SUR,Mexico
179,CHIHUAHUA,Mexico
180,SONORA,Mexico
181,Nuevo León,Mexico
182,SONORA,Mexico
183,AGUASCALIENTES,Mexico
184,MORELOS,Mexico
185,QUINTANA ROO,Mexico
186,QUINTANA ROO,Mexico
187,BAJA CALIFORNIA,Mexico
188,Distrito Federal,Mexico
189,ZACATECAS,Mexico
190,,Mexico
191,BAJA CALIFORNIA SUR,Mexico
192,BAJA CALIFORNIA SUR,Mexico
193,QUINTANA ROO,Mexico
194,,Mexico
195,QUINTANA ROO,Mexico
196,Distrito Federal,Mexico
197,Distrito Federal,Mexico
198,Distrito Federal,Mexico
199,Distrito Federal,Mexico
200,Distrito Federal,Mexico
201,CHIAPAS,Mexico
202,,Mexico
203,Distrito Federal,Mexico
204,,Mexico
205,Distrito Federal,Mexico
206,,Mexico
207,,Mexico
208,Distrito Federal,Mexico
209,Distrito Federal,Mexico
210,COAHUILA,Mexico
211,Distrito Federal,Mexico
212,,Mexico
213,JALISCO,Mexico
214,Distrito Federal,Mexico
215,,Mexico
216,NAYARIT,Mexico
217,Distrito Federal,Mexico
218,Nuevo León,Mexico
219,BAJA CALIFORNIA SUR,Mexico
220,COAHUILA,Mexico
221,AGUASCALIENTES,Mexico
222,DURANGO,Mexico
223,Distrito Federal,Mexico
224,JALISCO,Mexico
225,Nuevo León,Mexico
226,Nuevo León,Mexico
227,Nuevo León,Mexico
228,Nuevo León,Mexico
229,JALISCO,Mexico
230,Distrito Federal,Mexico
231,San Luis Potosí,Mexico
232,Distrito Federal,Mexico
233,JALISCO,Mexico
234,San Luis Potosí,Mexico
235,JALISCO,Mexico
236,JALISCO,Mexico
237,Nuevo León,Mexico
238,Distrito Federal,Mexico
239,Nuevo León,Mexico
240,JALISCO,Mexico
241,Nuevo León,Mexico
242,Distrito Federal,Mexico
243,Distrito Federal,Mexico
244,,Mexico
245,,Mexico
246,VERACRUZ,Mexico
247,Nuevo León,Mexico
248,,Mexico
249,,Mexico
250,VERACRUZ,Mexico
251,Nuevo León,Mexico
252,,Mexico
253,Nuevo León,Mexico
254,Nuevo León,Mexico
255,,Mexico
256,SONORA,Mexico
257,Nuevo León,Mexico
258,VERACRUZ,Mexico
259,,Mexico
260,JALISCO,Mexico
261,JALISCO,Mexico
262,VERACRUZ,Mexico
263,VERACRUZ,Mexico
264,JALISCO,Mexico
265,Distrito Federal,Mexico
266,Nuevo León,Mexico
267,San Luis Potosí,Mexico
268,,Mexico
269,Nuevo León,Mexico
270,SONORA,Mexico
271,Nuevo León,Mexico
272,San Luis Potosí,Mexico
273,Nuevo León,Mexico
274,VERACRUZ,Mexico
275,VERACRUZ,Mexico
276,SONORA,Mexico
277,SONORA,Mexico
278,Nuevo León,Mexico
279,VERACRUZ,Mexico
280,Nuevo León,Mexico
281,,Mexico
282,OAXACA,Mexico
283,,Mexico
284,CAMPECHE,Mexico
285,OAXACA,Mexico
286,VERACRUZ,Mexico
287,COAHUILA,Mexico
288,,Mexico
289,NAYARIT,Mexico
290,JALISCO,Mexico
291,Distrito Federal,Mexico
292,Distrito Federal,Mexico
293,BAJA CALIFORNIA SUR,Mexico
294,Distrito Federal,Mexico
295,JALISCO,Mexico
296,JALISCO,Mexico
297,San Luis Potosí,Mexico
298,SONORA,Mexico
299,Distrito Federal,Mexico
300,JALISCO,Mexico
301,San Luis Potosí,Mexico
302,BAJA CALIFORNIA SUR,Mexico
303,VERACRUZ,Mexico
304,BAJA CALIFORNIA SUR,Mexico
305,Distrito Federal,Mexico
306,JALISCO,Mexico
307,BAJA CALIFORNIA,Mexico
308,San Luis Potosí,Mexico
309,Distrito Federal,Mexico
310,Distrito Federal,Mexico
311,MORELOS,Mexico
312,ZACATECAS,Mexico
313,OAXACA,Mexico
314,,Mexico
315,PUEBLA,Mexico
316,QUINTANA ROO,Mexico
317,TABASCO,Mexico
318,JALISCO,Mexico
319,JALISCO,Mexico
320,Distrito Federal,Mexico
321,SONORA,Mexico
322,TAMAULIPAS,Mexico
323,CHIAPAS,Mexico
324,PUEBLA,Mexico
325,SONORA,Mexico
326,Distrito Federal,Mexico
327,Distrito Federal,Mexico
328,QUINTANA ROO,Mexico
329,Distrito Federal,Mexico
330,TABASCO,Mexico
331,GUANAJUATO,Mexico
332,JALISCO,Mexico
333,QUINTANA ROO,Mexico
334,OAXACA,Mexico
335,PUEBLA,Mexico
336,TAMAULIPAS,Mexico
337,TAMAULIPAS,Mexico
338,QUINTANA ROO,Mexico
339,,Mexico
340,MORELOS,Mexico
341,MORELOS,Mexico
342,SONORA,Mexico
343,SONORA,Mexico
344,SONORA,Mexico
345,QUINTANA ROO,Mexico
346,JALISCO,Mexico
347,BAJA CALIFORNIA,Mexico
348,Michoacán,Mexico
349,San Luis Potosí,Mexico
350,Michoacán,Mexico
351,Distrito Federal,Mexico
352,Michoacán,Mexico
353,BAJA CALIFORNIA SUR,Mexico
354,BAJA CALIFORNIA,Mexico
355,COAHUILA,Mexico
356,,Mexico
357,Nuevo León,Mexico
358,QUINTANA ROO,Mexico
359,CAMPECHE,Mexico
360,Distrito Federal,Mexico
361,MORELOS,Mexico
362,Distrito Federal,Mexico
363,PUEBLA,Mexico
364,QUINTANA ROO,Mexico
365,BAJA CALIFORNIA,Mexico
366,,Mexico
367,BAJA CALIFORNIA,Mexico
368,BAJA CALIFORNIA,Mexico
369,OAXACA,Mexico
370,Michoacán,Mexico
371,Distrito Federal,Mexico
372,Michoacán,Mexico
373,PUEBLA,Mexico
374,BAJA CALIFORNIA,Mexico
375,,Mexico
376,COAHUILA,Mexico
377,BAJA CALIFORNIA,Mexico
378,San Luis Potosí,Mexico
379,Nuevo León,Mexico
380,Michoacán,Mexico
381,QUINTANA ROO,Mexico
382,QUINTANA ROO,Mexico
383,TAMAULIPAS,Mexico
384,VERACRUZ,Mexico
385,QUINTANA ROO,Mexico
386,QUINTANA ROO,Mexico
387,COAHUILA,Mexico
388,HIDALGO,Mexico
389,CHIHUAHUA,Mexico
390,QUINTANA ROO,Mexico
391,,Mexico
392,Distrito Federal,Mexico
393,HIDALGO,Mexico
394,QUINTANA ROO,Mexico
395,COAHUILA,Mexico
396,QUINTANA ROO,Mexico
397,VERACRUZ,Mexico
398,QUINTANA ROO,Mexico
399,COAHUILA,Mexico
400,Distrito Federal,Mexico
401,Yucatán,Mexico
402,,Mexico
403,QUINTANA ROO,Mexico
404,OAXACA,Mexico
405,SONORA,Mexico
406,Yucatán,Mexico
407,San Luis Potosí,Mexico
408,QUINTANA ROO,Mexico
409,Distrito Federal,Mexico
410,SONORA,Mexico
411,Nuevo León,Mexico
412,OAXACA,Mexico
413,QUINTANA ROO,Mexico
414,QUINTANA ROO,Mexico
415,Yucatán,Mexico
416,OAXACA,Mexico
417,QUINTANA ROO,Mexico
418,QUINTANA ROO,Mexico
419,CHIAPAS,Mexico
420,QUINTANA ROO,Mexico
421,QUINTANA ROO,Mexico
422,QUINTANA ROO,Mexico
423,JALISCO,Mexico
424,JALISCO,Mexico
425,Nuevo León,Mexico
426,COAHUILA,Mexico
427,QUINTANA ROO,Mexico
428,HIDALGO,Mexico
429,QUINTANA ROO,Mexico
430,QUINTANA ROO,Mexico
431,Nuevo León,Mexico
432,VERACRUZ,Mexico
433,QUINTANA ROO,Mexico
434,QUINTANA ROO,Mexico
435,,Mexico
436,,Mexico
437,SONORA,Mexico
438,QUINTANA ROO,Mexico
439,BAJA CALIFORNIA,Mexico
440,QUINTANA ROO,Mexico
441,COAHUILA,Mexico
442,Distrito Federal,Mexico
443,JALISCO,Mexico
444,Nuevo León,Mexico
445,,Mexico
446,JALISCO,Mexico
447,ZACATECAS,Mexico
448,Distrito Federal,Mexico
449,COAHUILA,Mexico
450,Querétaro,Mexico
451,QUINTANA ROO,Mexico
452,QUINTANA ROO,Mexico
453,QUINTANA ROO,Mexico
454,Yucatán,Mexico
455,VERACRUZ,Mexico
456,,Mexico
457,QUINTANA ROO,Mexico
458,NAYARIT,Mexico
459,QUINTANA ROO,Mexico
460,Nuevo León,Mexico
461,GUANAJUATO,Mexico
462,COAHUILA,Mexico
463,QUINTANA ROO,Mexico
464,QUINTANA ROO,Mexico
465,QUINTANA ROO,Mexico
466,QUINTANA ROO,Mexico
467,,Mexico
468,VERACRUZ,Mexico
469,Nuevo León,Mexico
470,OAXACA,Mexico
471,,Mexico
472,CHIAPAS,Mexico
473,QUINTANA ROO,Mexico
474,QUINTANA ROO,Mexico
475,TAMAULIPAS,Mexico
476,OAXACA,Mexico
477,QUINTANA ROO,Mexico
478,BAJA CALIFORNIA SUR,Mexico
479,QUINTANA ROO,Mexico
480,,Mexico
481,JALISCO,Mexico
482,Nuevo León,Mexico
483,QUINTANA ROO,Mexico
484,CHIHUAHUA,Mexico
485,,Mexico
486,QUINTANA ROO,Mexico
487,,Mexico
488,,Mexico
489,QUINTANA ROO,Mexico
490,VERACRUZ,Mexico
491,SONORA,Mexico
492,OAXACA,Mexico
493,Distrito Federal,Mexico
494,QUINTANA ROO,Mexico
495,Yucatán,Mexico
496,QUINTANA ROO,Mexico
497,OAXACA,Mexico
498,CHIHUAHUA,Mexico
499,,Mexico
500,QUINTANA ROO,Mexico
501,Yucatán,Mexico
502,,Mexico
503,QUINTANA ROO,Mexico
504,AGUASCALIENTES,Mexico
505,,Mexico
506,QUINTANA ROO,Mexico
507,TAMAULIPAS,Mexico
508,BAJA CALIFORNIA,Mexico
509,Distrito Federal,Mexico
510,Distrito Federal,Mexico
511,BAJA CALIFORNIA,Mexico
512,CHIHUAHUA,Mexico
513,Distrito Federal,Mexico
514,JALISCO,Mexico
515,Distrito Federal,Mexico
516,JALISCO,Mexico
517,BAJA CALIFORNIA,Mexico
518,GUERRERO,Mexico
519,TAMAULIPAS,Mexico
520,TAMAULIPAS,Mexico
521,BAJA CALIFORNIA SUR,Mexico
522,Distrito Federal,Mexico
523,GUERRERO,Mexico
524,TAMAULIPAS,Mexico
525,Distrito Federal,Mexico
526,Distrito Federal,Mexico
527,Distrito Federal,Mexico
528,JALISCO,Mexico
529,TAMAULIPAS,Mexico
530,QUINTANA ROO,Mexico
531,AGUASCALIENTES,Mexico
532,GUERRERO,Mexico
533,BAJA CALIFORNIA,Mexico
534,SONORA,Mexico
535,OAXACA,Mexico
536,Distrito Federal,Mexico
537,Distrito Federal,Mexico
538,BAJA CALIFORNIA,Mexico
539,TABASCO,Mexico
540,BAJA CALIFORNIA,Mexico
541,JALISCO,Mexico
542,BAJA CALIFORNIA,Mexico
543,Distrito Federal,Mexico
544,TAMAULIPAS,Mexico
545,OAXACA,Mexico
546,TABASCO,Mexico
547,MORELOS,Mexico
548,SONORA,Mexico
549,JALISCO,Mexico
550,TAMAULIPAS,Mexico
551,CHIAPAS,Mexico
552,TLAXCALA,Mexico
553,,Mexico
554,TAMAULIPAS,Mexico
555,OAXACA,Mexico
556,Distrito Federal,Mexico
557,BAJA CALIFORNIA,Mexico
558,QUINTANA ROO,Mexico
559,,Mexico
560,TAMAULIPAS,Mexico
561,TAMAULIPAS,Mexico
562,BAJA CALIFORNIA,Mexico
563,Yucatán,Mexico
564,TAMAULIPAS,Mexico
565,SINALOA,Mexico
566,CHIHUAHUA,Mexico
567,BAJA CALIFORNIA,Mexico
568,BAJA CALIFORNIA,Mexico
569,BAJA CALIFORNIA,Mexico
570,BAJA CALIFORNIA,Mexico
571,BAJA CALIFORNIA SUR,Mexico
572,QUINTANA ROO,Mexico
573,Distrito Federal,Mexico
574,JALISCO,Mexico
575,OAXACA,Mexico
576,Distrito Federal,Mexico
577,Distrito Federal,Mexico
578,Nuevo León,Mexico
579,Nuevo León,Mexico
580,Nuevo León,Mexico
581,Nuevo León,Mexico
582,Nuevo León,Mexico
583,Nuevo León,Mexico
584,Nuevo León,Mexico
585,Nuevo León,Mexico
586,,Mexico
587,SONORA,Mexico
588,,Mexico
589,Nuevo León,Mexico
590,Nuevo León,Mexico
591,SONORA,Mexico
592,Nuevo León,Mexico
593,Nuevo León,Mexico
594,,Mexico
595,Nuevo León,Mexico
596,Nuevo León,Mexico
597,SONORA,Mexico
598,Nuevo León,Mexico
599,Nuevo León,Mexico
600,Distrito Federal,Mexico
601,Nuevo León,Mexico
602,SONORA,Mexico
603,Nuevo León,Mexico
604,Nuevo León,Mexico
605,,Mexico
606,Nuevo León,Mexico
607,SONORA,Mexico
608,BAJA CALIFORNIA,Mexico
609,Nuevo León,Mexico
610,Nuevo León,Mexico
611,PUEBLA,Mexico
612,,Mexico
613,TAMAULIPAS,Mexico
614,QUINTANA ROO,Mexico
615,COAHUILA,Mexico
616,,Mexico
617,Distrito Federal,Mexico
618,TAMAULIPAS,Mexico
619,AGUASCALIENTES,Mexico
620,COAHUILA,Mexico
621,COAHUILA,Mexico
622,,Mexico
623,TAMAULIPAS,Mexico
624,,Mexico
625,COAHUILA,Mexico
626,TAMAULIPAS,Mexico
627,PUEBLA,Mexico
628,TAMAULIPAS,Mexico
629,COAHUILA,Mexico
630,,Mexico
631,TAMAULIPAS,Mexico
632,TAMAULIPAS,Mexico
633,,Mexico
634,OAXACA,Mexico
635,Distrito Federal,Mexico
636,COAHUILA,Mexico
637,BAJA CALIFORNIA,Mexico
638,Distrito Federal,Mexico
639,,Mexico
640,BAJA CALIFORNIA,Mexico
641,Nuevo León,Mexico
642,TABASCO,Mexico
643,Distrito Federal,Mexico
644,Distrito Federal,Mexico
645,BAJA CALIFORNIA,Mexico
646,Nuevo León,Mexico
647,SONORA,Mexico
648,JALISCO,Mexico
649,JALISCO,Mexico
650,JALISCO,Mexico
651,COAHUILA,Mexico
652,SONORA,Mexico
653,BAJA CALIFORNIA,Mexico
654,QUINTANA ROO,Mexico
655,QUINTANA ROO,Mexico
656,TAMAULIPAS,Mexico
657,BAJA CALIFORNIA,Mexico
658,,Mexico
659,San Luis Potosí,Mexico
660,QUINTANA ROO,Mexico
661,QUINTANA ROO,Mexico
662,San Luis Potosí,Mexico
663,JALISCO,Mexico
664,,Mexico
665,SONORA,Mexico
666,JALISCO,Mexico
667,,Mexico
668,JALISCO,Mexico
669,BAJA CALIFORNIA SUR,Mexico
670,,Mexico
671,Nuevo León,Mexico
672,,Mexico
673,TAMAULIPAS,Mexico
674,Distrito Federal,Mexico
675,Distrito Federal,Mexico
676,Distrito Federal,Mexico
677,Distrito Federal,Mexico
678,Distrito Federal,Mexico
679,MORELOS,Mexico
680,Distrito Federal,Mexico
681,Nuevo León,Mexico
682,Distrito Federal,Mexico
683,Distrito Federal,Mexico
684,Distrito Federal,Mexico
685,Distrito Federal,Mexico
686,San Luis Potosí,Mexico
687,,Mexico
688,San Luis Potosí,Mexico
689,BAJA CALIFORNIA,Mexico
690,,Mexico
691,SONORA,Mexico
692,PUEBLA,Mexico
693,,Mexico
694,SONORA,Mexico
695,TLAXCALA,Mexico
696,CAMPECHE,Mexico
697,COAHUILA,Mexico
698,Nuevo León,Mexico
699,Yucatán,Mexico
700,Nuevo León,Mexico
701,TABASCO,Mexico
702,BAJA CALIFORNIA,Mexico
703,TABASCO,Mexico
704,JALISCO,Mexico
705,Nuevo León,Mexico
706,Michoacán,Mexico
707,TABASCO,Mexico
708,TABASCO,Mexico
709,Distrito Federal,Mexico
710,TLAXCALA,Mexico
711,AGUASCALIENTES,Mexico
712,TABASCO,Mexico
713,Distrito Federal,Mexico
714,BAJA CALIFORNIA SUR,Mexico
715,JALISCO,Mexico
716,MORELOS,Mexico
717,TABASCO,Mexico
718,BAJA CALIFORNIA,Mexico
719,TABASCO,Mexico
720,,Mexico
721,COAHUILA,Mexico
722,,Mexico
723,CHIAPAS,Mexico
724,Distrito Federal,Mexico
725,,Mexico
726,DURANGO,Mexico
727,CHIAPAS,Mexico
728,CHIAPAS,Mexico
729,TABASCO,Mexico
730,,Mexico
731,CHIAPAS,Mexico
732,CHIAPAS,Mexico
733,CHIAPAS,Mexico
734,BAJA CALIFORNIA,Mexico
735,OAXACA,Mexico
736,CHIAPAS,Mexico
737,CHIAPAS,Mexico
738,CHIAPAS,Mexico
739,TABASCO,Mexico
740,GUERRERO,Mexico
741,,Mexico
742,CHIAPAS,Mexico
743,,Mexico
744,CHIAPAS,Mexico
745,CHIAPAS,Mexico
746,CHIAPAS,Mexico
747,CHIAPAS,Mexico
748,CHIAPAS,Mexico
749,CHIAPAS,Mexico
750,TABASCO,Mexico
751,,Mexico
752,,Mexico
753,CHIAPAS,Mexico
754,CHIAPAS,Mexico
755,CHIAPAS,Mexico
756,CHIAPAS,Mexico
757,Distrito Federal,Mexico
758,BAJA CALIFORNIA,Mexico
759,MORELOS,Mexico
760,Distrito Federal,Mexico
761,Distrito Federal,Mexico
762,Distrito Federal,Mexico
763,JALISCO,Mexico
764,Distrito Federal,Mexico
765,Distrito Federal,Mexico
766,MORELOS,Mexico
767,,Mexico
768,QUINTANA ROO,Mexico
769,JALISCO,Mexico
770,QUINTANA ROO,Mexico
771,QUINTANA ROO,Mexico
772,QUINTANA ROO,Mexico
773,Nuevo León,Mexico
774,QUINTANA ROO,Mexico
775,QUINTANA ROO,Mexico
776,QUINTANA ROO,Mexico
777,CHIAPAS,Mexico
778,QUINTANA ROO,Mexico
779,QUINTANA ROO,Mexico
780,QUINTANA ROO,Mexico
781,QUINTANA ROO,Mexico
782,QUINTANA ROO,Mexico
783,QUINTANA ROO,Mexico
784,QUINTANA ROO,Mexico
785,QUINTANA ROO,Mexico
786,QUINTANA ROO,Mexico
787,QUINTANA ROO,Mexico
788,JALISCO,Mexico
789,Nuevo León,Mexico
790,TAMAULIPAS,Mexico
791,Nuevo León,Mexico
792,GUERRERO,Mexico
793,JALISCO,Mexico
794,TAMAULIPAS,Mexico
795,JALISCO,Mexico
796,JALISCO,Mexico
797,JALISCO,Mexico
798,JALISCO,Mexico
799,Nuevo León,Mexico
800,JALISCO,Mexico
801,TAMAULIPAS,Mexico
802,JALISCO,Mexico
803,Nuevo León,Mexico
804,GUERRERO,Mexico
805,Nuevo León,Mexico
806,JALISCO,Mexico
807,CHIAPAS,Mexico
808,JALISCO,Mexico
809,Nuevo León,Mexico
810,,Mexico
811,Nuevo León,Mexico
812,JALISCO,Mexico
813,,Mexico
814,JALISCO,Mexico
815,TAMAULIPAS,Mexico
816,JALISCO,Mexico
817,Nuevo León,Mexico
818,Nuevo León,Mexico
819,JALISCO,Mexico
820,Nuevo León,Mexico
821,,Mexico
822,TABASCO,Mexico
823,,Mexico
824,TABASCO,Mexico
825,JALISCO,Mexico
826,Distrito Federal,Mexico
827,BAJA CALIFORNIA SUR,Mexico
828,Distrito Federal,Mexico
829,Distrito Federal,Mexico
830,,Mexico
831,Distrito Federal,Mexico
832,Distrito Federal,Mexico
833,BAJA CALIFORNIA SUR,Mexico
834,Distrito Federal,Mexico
835,BAJA CALIFORNIA SUR,Mexico
836,BAJA CALIFORNIA SUR,Mexico
837,BAJA CALIFORNIA SUR,Mexico
838,Distrito Federal,Mexico
839,Distrito Federal,Mexico
840,GUERRERO,Mexico
841,Distrito Federal,Mexico
842,Distrito Federal,Mexico
843,BAJA CALIFORNIA SUR,Mexico
844,TABASCO,Mexico
845,VERACRUZ,Mexico
846,VERACRUZ,Mexico
847,VERACRUZ,Mexico
848,TLAXCALA,Mexico
849,VERACRUZ,Mexico
850,TAMAULIPAS,Mexico
851,VERACRUZ,Mexico
852,VERACRUZ,Mexico
853,COAHUILA,Mexico
854,VERACRUZ,Mexico
855,VERACRUZ,Mexico
856,,Mexico
857,VERACRUZ,Mexico
858,VERACRUZ,Mexico
859,VERACRUZ,Mexico
860,,Mexico
861,,Mexico
862,VERACRUZ,Mexico
863,,Mexico
864,,Mexico
865,VERACRUZ,Mexico
866,VERACRUZ,Mexico
867,DURANGO,Mexico
868,VERACRUZ,Mexico
869,Michoacán,Mexico
870,VERACRUZ,Mexico
871,GUERRERO,Mexico
872,TABASCO,Mexico
873,TABASCO,Mexico
874,SONORA,Mexico
875,SONORA,Mexico
876,ZACATECAS,Mexico
877,OAXACA,Mexico
878,Distrito Federal,Mexico
879,TABASCO,Mexico
880,OAXACA,Mexico
881,CHIAPAS,Mexico
882,TABASCO,Mexico
883,OAXACA,Mexico
884,COAHUILA,Mexico
885,Michoacán,Mexico
886,QUINTANA ROO,Mexico
887,QUINTANA ROO,Mexico
888,SONORA,Mexico
889,CHIAPAS,Mexico
890,BAJA CALIFORNIA,Mexico
891,COAHUILA,Mexico
892,VERACRUZ,Mexico
893,CHIAPAS,Mexico
894,ZACATECAS,Mexico
895,Nuevo León,Mexico
896,CHIAPAS,Mexico
897,TABASCO,Mexico
898,MORELOS,Mexico
899,COAHUILA,Mexico
900,COAHUILA,Mexico
901,CHIHUAHUA,Mexico
902,COAHUILA,Mexico
903,MORELOS,Mexico
904,CHIAPAS,Mexico
905,COAHUILA,Mexico
906,,Mexico
907,BAJA CALIFORNIA,Mexico
908,NAYARIT,Mexico
909,Nuevo León,Mexico
910,ZACATECAS,Mexico
911,TABASCO,Mexico
912,ZACATECAS,Mexico
913,QUINTANA ROO,Mexico
914,QUINTANA ROO,Mexico
915,,Mexico
916,VERACRUZ,Mexico
917,San Luis Potosí,Mexico
918,TABASCO,Mexico
919,Nuevo León,Mexico
920,TABASCO,Mexico
921,AGUASCALIENTES,Mexico
922,TABASCO,Mexico
923,Nuevo León,Mexico
924,TABASCO,Mexico
925,OAXACA,Mexico
926,,Mexico
927,Distrito Federal,Mexico
928,QUINTANA ROO,Mexico
929,CHIHUAHUA,Mexico
930,,Mexico
931,Distrito Federal,Mexico
932,DURANGO,Mexico
933,QUINTANA ROO,Mexico
934,OAXACA,Mexico
935,QUINTANA ROO,Mexico
936,CHIAPAS,Mexico
937,QUINTANA ROO,Mexico
938,TABASCO,Mexico
939,QUINTANA ROO,Mexico
940,QUINTANA ROO,Mexico
941,QUINTANA ROO,Mexico
942,QUINTANA ROO,Mexico
943,OAXACA,Mexico
944,QUINTANA ROO,Mexico
945,CHIAPAS,Mexico
946,TABASCO,Mexico
947,CHIAPAS,Mexico
948,BAJA CALIFORNIA SUR,Mexico
949,CHIAPAS,Mexico
950,TAMAULIPAS,Mexico
951,QUINTANA ROO,Mexico
952,TABASCO,Mexico
953,TABASCO,Mexico
954,QUINTANA ROO,Mexico
955,TABASCO,Mexico
956,,Mexico
957,Distrito Federal,Mexico
958,PUEBLA,Mexico
959,TABASCO,Mexico
960,MORELOS,Mexico
961,CHIAPAS,Mexico
962,OAXACA,Mexico
963,OAXACA,Mexico
964,QUINTANA ROO,Mexico
965,CHIAPAS,Mexico
966,QUINTANA ROO,Mexico
967,QUINTANA ROO,Mexico
968,Distrito Federal,Mexico
969,OAXACA,Mexico
970,BAJA CALIFORNIA,Mexico
971,QUINTANA ROO,Mexico
972,,Mexico
973,TAMAULIPAS,Mexico
974,CHIAPAS,Mexico
975,OAXACA,Mexico
976,CHIAPAS,Mexico
977,OAXACA,Mexico
978,Nuevo León,Mexico
979,TAMAULIPAS,Mexico
980,SONORA,Mexico
981,QUINTANA ROO,Mexico
982,TABASCO,Mexico
983,CHIAPAS,Mexico
984,Distrito Federal,Mexico
985,AGUASCALIENTES,Mexico
986,TLAXCALA,Mexico
987,Distrito Federal,Mexico
988,,Mexico
989,,Mexico
990,QUINTANA ROO,Mexico
991,PUEBLA,Mexico
992,QUINTANA ROO,Mexico
993,JALISCO,Mexico
994,VERACRUZ,Mexico
995,QUINTANA ROO,Mexico
996,QUINTANA ROO,Mexico
997,CHIAPAS,Mexico
998,TABASCO,Mexico
999,QUINTANA ROO,Mexico
1000,QUINTANA ROO,Mexico
1001,OAXACA,Mexico
1002,Nuevo León,Mexico
1003,,Mexico
1004,CAMPECHE,Mexico
1005,Distrito Federal,Mexico
1006,Distrito Federal,Mexico
1007,CHIAPAS,Mexico
1008,QUINTANA ROO,Mexico
1009,CHIAPAS,Mexico
1010,TABASCO,Mexico
1011,PUEBLA,Mexico
1012,OAXACA,Mexico
1013,,Mexico
1014,OAXACA,Mexico
1015,MORELOS,Mexico
1016,TAMAULIPAS,Mexico
1017,,Mexico
1018,BAJA CALIFORNIA,Mexico
1019,CHIAPAS,Mexico
1020,BAJA CALIFORNIA,Mexico
1021,CHIAPAS,Mexico
1022,CHIAPAS,Mexico
1023,Yucatán,Mexico
1024,PUEBLA,Mexico
1025,SONORA,Mexico
1026,TABASCO,Mexico
1027,OAXACA,Mexico
1028,CHIAPAS,Mexico
1029,CHIAPAS,Mexico
1030,TABASCO,Mexico
1031,CHIAPAS,Mexico
1032,CHIAPAS,Mexico
1033,TABASCO,Mexico
1034,CHIAPAS,Mexico
1035,CHIAPAS,Mexico
1036,,Mexico
1037,CHIAPAS,Mexico
1038,CHIAPAS,Mexico
1039,OAXACA,Mexico
1040,VERACRUZ,Mexico
1041,San Luis Potosí,Mexico
1042,,Mexico
1043,Nuevo León,Mexico
1044,CHIHUAHUA,Mexico
1045,COAHUILA,Mexico
1046,VERACRUZ,Mexico
1047,Distrito Federal,Mexico
1048,VERACRUZ,Mexico
1049,,Mexico
1050,Querétaro,Mexico
1051,Distrito Federal,Mexico
1052,,Mexico
1053,CAMPECHE,Mexico
1054,Distrito Federal,Mexico
1055,Distrito Federal,Mexico
1056,San Luis Potosí,Mexico
1057,COAHUILA,Mexico
1058,CAMPECHE,Mexico
1059,COAHUILA,Mexico
1060,TAMAULIPAS,Mexico
1061,JALISCO,Mexico
1062,SONORA,Mexico
1063,,Mexico
1064,VERACRUZ,Mexico
1065,Distrito Federal,Mexico
1066,COAHUILA,Mexico
1067,,Mexico
1068,Querétaro,Mexico
1069,VERACRUZ,Mexico
1070,CHIAPAS,Mexico
1071,,Mexico
1072,VERACRUZ,Mexico
1073,HIDALGO,Mexico
1074,COAHUILA,Mexico
1075,Nuevo León,Mexico
1076,,Mexico
1077,VERACRUZ,Mexico
1078,SONORA,Mexico
1079,Distrito Federal,Mexico
1080,CHIHUAHUA,Mexico
1081,Distrito Federal,Mexico
1082,TABASCO,Mexico
1083,TABASCO,Mexico
1084,,Mexico
1085,CAMPECHE,Mexico
1086,Distrito Federal,Mexico
1087,CHIAPAS,Mexico
1088,PUEBLA,Mexico
1089,TABASCO,Mexico
1090,San Luis Potosí,Mexico
1091,Distrito Federal,Mexico
1092,TABASCO,Mexico
1093,TABASCO,Mexico
1094,VERACRUZ,Mexico
1095,Distrito Federal,Mexico
1096,Distrito Federal,Mexico
1097,JALISCO,Mexico
1098,VERACRUZ,Mexico
1099,CAMPECHE,Mexico
1100,PUEBLA,Mexico
1101,COAHUILA,Mexico
1102,BAJA CALIFORNIA,Mexico
1103,VERACRUZ,Mexico
1104,VERACRUZ,Mexico
1105,COAHUILA,Mexico
1106,San Luis Potosí,Mexico
1107,CAMPECHE,Mexico
1108,COAHUILA,Mexico
1109,,Mexico
1110,Distrito Federal,Mexico
1111,COAHUILA,Mexico
1112,GUERRERO,Mexico
1113,CAMPECHE,Mexico
1114,VERACRUZ,Mexico
1115,PUEBLA,Mexico
1116,,Mexico
1117,Distrito Federal,Mexico
1118,JALISCO,Mexico
1119,Distrito Federal,Mexico
1120,Distrito Federal,Mexico
1121,Distrito Federal,Mexico
1122,Yucatán,Mexico
1123,Distrito Federal,Mexico
1124,BAJA CALIFORNIA SUR,Mexico
1125,Nuevo León,Mexico
1126,Nuevo León,Mexico
1127,Distrito Federal,Mexico
1128,NAYARIT,Mexico
1129,BAJA CALIFORNIA SUR,Mexico
1130,JALISCO,Mexico
1131,PUEBLA,Mexico
1132,Nuevo León,Mexico
1133,Nuevo León,Mexico
1134,NAYARIT,Mexico
1135,JALISCO,Mexico
1136,Distrito Federal,Mexico
1137,Distrito Federal,Mexico
1138,JALISCO,Mexico
1139,Yucatán,Mexico
1140,Distrito Federal,Mexico
1141,SONORA,Mexico
1142,Distrito Federal,Mexico
1143,JALISCO,Mexico
1144,PUEBLA,Mexico
1145,,Mexico
1146,Distrito Federal,Mexico
1147,BAJA CALIFORNIA,Mexico
1148,PUEBLA,Mexico
1149,Distrito Federal,Mexico
1150,BAJA CALIFORNIA SUR,Mexico
1151,Distrito Federal,Mexico
1152,Nuevo León,Mexico
1153,BAJA CALIFORNIA,Mexico
1154,NAYARIT,Mexico
1155,BAJA CALIFORNIA,Mexico
1156,BAJA CALIFORNIA,Mexico
1157,TABASCO,Mexico
1158,Michoacán,Mexico
1159,CHIAPAS,Mexico
1160,Michoacán,Mexico
1161,SONORA,Mexico
1162,BAJA CALIFORNIA SUR,Mexico
1163,Michoacán,Mexico
1164,ZACATECAS,Mexico
1165,TAMAULIPAS,Mexico
1166,AGUASCALIENTES,Mexico
1167,CHIAPAS,Mexico
1168,CHIAPAS,Mexico
1169,QUINTANA ROO,Mexico
1170,Distrito Federal,Mexico
1171,JALISCO,Mexico
1172,GUERRERO,Mexico
1173,GUERRERO,Mexico
1174,SONORA,Mexico
1175,TABASCO,Mexico
1176,Distrito Federal,Mexico
1177,TAMAULIPAS,Mexico
1178,PUEBLA,Mexico
1179,TAMAULIPAS,Mexico
1180,,Mexico
1181,TAMAULIPAS,Mexico
1182,TAMAULIPAS,Mexico
1183,TAMAULIPAS,Mexico
1184,Distrito Federal,Mexico
1185,TAMAULIPAS,Mexico
1186,GUANAJUATO,Mexico
1187,TABASCO,Mexico
1188,JALISCO,Mexico
1189,Distrito Federal,Mexico
1190,CHIAPAS,Mexico
1191,TAMAULIPAS,Mexico
1192,QUINTANA ROO,Mexico
1193,Distrito Federal,Mexico
1194,TABASCO,Mexico
1195,CHIAPAS,Mexico
1196,Distrito Federal,Mexico
1197,TABASCO,Mexico
1198,GUANAJUATO,Mexico
1199,Yucatán,Mexico
1200,TABASCO,Mexico
1201,TAMAULIPAS,Mexico
1202,TAMAULIPAS,Mexico
1203,TAMAULIPAS,Mexico
1204,Michoacán,Mexico
1205,TAMAULIPAS,Mexico
1206,Distrito Federal,Mexico
1207,Distrito Federal,Mexico
1208,QUINTANA ROO,Mexico
1209,CHIAPAS,Mexico
1210,ZACATECAS,Mexico
1211,QUINTANA ROO,Mexico
1212,QUINTANA ROO,Mexico
1213,VERACRUZ,Mexico
1214,TLAXCALA,Mexico
1215,Distrito Federal,Mexico
1216,MORELOS,Mexico
1217,JALISCO,Mexico
1218,Nuevo León,Mexico
1219,MORELOS,Mexico
1220,ZACATECAS,Mexico
1221,,Mexico
1222,VERACRUZ,Mexico
1223,QUINTANA ROO,Mexico
1224,Distrito Federal,Mexico
1225,OAXACA,Mexico
1226,CHIHUAHUA,Mexico
1227,,Mexico
1228,CHIHUAHUA,Mexico
1229,Distrito Federal,Mexico
1230,,Mexico
1231,MORELOS,Mexico
1232,HIDALGO,Mexico
1233,MORELOS,Mexico
1234,,Mexico
1235,BAJA CALIFORNIA,Mexico
1236,,Mexico
1237,MORELOS,Mexico
1238,OAXACA,Mexico
1239,,Mexico
1240,San Luis Potosí,Mexico
1241,CHIAPAS,Mexico
1242,COAHUILA,Mexico
1243,CHIAPAS,Mexico
1244,BAJA CALIFORNIA,Mexico
1245,BAJA CALIFORNIA,Mexico
1246,CHIAPAS,Mexico
1247,CHIAPAS,Mexico
1248,COAHUILA,Mexico
1249,JALISCO,Mexico
1250,BAJA CALIFORNIA SUR,Mexico
1251,JALISCO,Mexico
1252,DURANGO,Mexico
1253,JALISCO,Mexico
1254,CHIAPAS,Mexico
1255,BAJA CALIFORNIA,Mexico
1256,CHIAPAS,Mexico
1257,GUERRERO,Mexico
1258,CHIAPAS,Mexico
1259,CHIAPAS,Mexico
1260,VERACRUZ,Mexico
1261,JALISCO,Mexico
1262,JALISCO,Mexico
1263,CHIAPAS,Mexico
1264,CHIAPAS,Mexico
1265,JALISCO,Mexico
1266,CHIAPAS,Mexico
1267,JALISCO,Mexico
1268,JALISCO,Mexico
1269,,Mexico
1270,COAHUILA,Mexico
1271,QUINTANA ROO,Mexico
1272,JALISCO,Mexico
1273,COAHUILA,Mexico
1274,TAMAULIPAS,Mexico
1275,Distrito Federal,Mexico
1276,Distrito Federal,Mexico
1277,TAMAULIPAS,Mexico
1278,TAMAULIPAS,Mexico
1279,TAMAULIPAS,Mexico
1280,COAHUILA,Mexico
1281,CHIAPAS,Mexico
1282,TAMAULIPAS,Mexico
1283,VERACRUZ,Mexico
1284,CHIAPAS,Mexico
1285,TAMAULIPAS,Mexico
1286,CHIAPAS,Mexico
1287,TAMAULIPAS,Mexico
1288,CHIAPAS,Mexico
1289,,Mexico
1290,TAMAULIPAS,Mexico
1291,,Mexico
1292,COAHUILA,Mexico
1293,TAMAULIPAS,Mexico
1294,Distrito Federal,Mexico
1295,CHIAPAS,Mexico
1296,CHIAPAS,Mexico
1297,PUEBLA,Mexico
1298,Distrito Federal,Mexico
1299,Distrito Federal,Mexico
1300,Distrito Federal,Mexico
1301,JALISCO,Mexico
1302,Distrito Federal,Mexico
1303,Distrito Federal,Mexico
1304,SONORA,Mexico
1305,Distrito Federal,Mexico
1306,JALISCO,Mexico
1307,TAMAULIPAS,Mexico
1308,OAXACA,Mexico
1309,ZACATECAS,Mexico
1310,QUINTANA ROO,Mexico
1311,Nuevo León,Mexico
1312,Distrito Federal,Mexico
1313,PUEBLA,Mexico
1314,Distrito Federal,Mexico
1315,BAJA CALIFORNIA,Mexico
1316,BAJA CALIFORNIA,Mexico
1317,Distrito Federal,Mexico
1318,BAJA CALIFORNIA,Mexico
1319,BAJA CALIFORNIA,Mexico
1320,QUINTANA ROO,Mexico
1321,Distrito Federal,Mexico
1322,BAJA CALIFORNIA,Mexico
1323,Distrito Federal,Mexico
1324,BAJA CALIFORNIA,Mexico
1325,Distrito Federal,Mexico
1326,BAJA CALIFORNIA,Mexico
1327,Nuevo León,Mexico
1328,BAJA CALIFORNIA SUR,Mexico
1329,BAJA CALIFORNIA,Mexico
1330,QUINTANA ROO,Mexico
1331,JALISCO,Mexico
1332,Yucatán,Mexico
1333,,Mexico
1334,TAMAULIPAS,Mexico
1335,SINALOA,Mexico
1336,,Mexico
1337,COAHUILA,Mexico
1338,Yucatán,Mexico
1339,JALISCO,Mexico
1340,Distrito Federal,Mexico
1341,COAHUILA,Mexico
1342,VERACRUZ,Mexico
1343,Distrito Federal,Mexico
1344,,Mexico
1345,Distrito Federal,Mexico
1346,COAHUILA,Mexico
1347,,Mexico
1348,,Mexico
1349,,Mexico
1350,MORELOS,Mexico
1351,Distrito Federal,Mexico
1352,Michoacán,Mexico
1353,PUEBLA,Mexico
1354,,Mexico
1355,PUEBLA,Mexico
1356,Nuevo León,Mexico
1357,OAXACA,Mexico
1358,CHIHUAHUA,Mexico
1359,TABASCO,Mexico
1360,TABASCO,Mexico
1361,,Mexico
1362,Distrito Federal,Mexico
1363,,Mexico
1364,CHIAPAS,Mexico
1365,CHIAPAS,Mexico
1366,TABASCO,Mexico
1367,OAXACA,Mexico
1368,Distrito Federal,Mexico
1369,JALISCO,Mexico
1370,Nuevo León,Mexico
1371,TABASCO,Mexico
1372,,Mexico
1373,,Mexico
1374,COAHUILA,Mexico
1375,PUEBLA,Mexico
1376,,Mexico
1377,TABASCO,Mexico
1378,Distrito Federal,Mexico
1379,OAXACA,Mexico
1380,Distrito Federal,Mexico
1381,Distrito Federal,Mexico
1382,,Mexico
1383,BAJA CALIFORNIA,Mexico
1384,BAJA CALIFORNIA,Mexico
1385,BAJA CALIFORNIA,Mexico
1386,QUINTANA ROO,Mexico
1387,BAJA CALIFORNIA,Mexico
1388,BAJA CALIFORNIA,Mexico
1389,BAJA CALIFORNIA SUR,Mexico
1390,VERACRUZ,Mexico
1391,JALISCO,Mexico
1392,Nuevo León,Mexico
1393,Distrito Federal,Mexico
1394,BAJA CALIFORNIA,Mexico
1395,,Mexico
1396,BAJA CALIFORNIA SUR,Mexico
1397,VERACRUZ,Mexico
1398,CHIAPAS,Mexico
1399,Michoacán,Mexico
1400,,Mexico
1401,,Mexico
1402,,Mexico
1403,COAHUILA,Mexico
1404,,Mexico
1405,San Luis Potosí,Mexico
1406,TABASCO,Mexico
1407,CHIHUAHUA,Mexico
1408,San Luis Potosí,Mexico
1409,TABASCO,Mexico
1410,NAYARIT,Mexico
1411,VERACRUZ,Mexico
1412,Distrito Federal,Mexico
1413,,Mexico
1414,CAMPECHE,Mexico
1415,GUERRERO,Mexico
1416,VERACRUZ,Mexico
1417,,Mexico
1418,San Luis Potosí,Mexico
1419,,Mexico
1420,TABASCO,Mexico
1421,,Mexico
1422,Distrito Federal,Mexico
1423,BAJA CALIFORNIA,Mexico
1424,,Mexico
1425,BAJA CALIFORNIA,Mexico
1426,,Mexico
1427,JALISCO,Mexico
1428,Distrito Federal,Mexico
1429,,Mexico
1430,PUEBLA,Mexico
1431,TABASCO,Mexico
1432,QUINTANA ROO,Mexico
1433,JALISCO,Mexico
1434,San Luis Potosí,Mexico
1435,Distrito Federal,Mexico
1436,JALISCO,Mexico
1437,,Mexico
1438,VERACRUZ,Mexico
1439,GUERRERO,Mexico
1440,Distrito Federal,Mexico
1441,TABASCO,Mexico
1442,COAHUILA,Mexico
1443,SONORA,Mexico
1444,Nuevo León,Mexico
1445,Nuevo León,Mexico
1446,Distrito Federal,Mexico
1447,Distrito Federal,Mexico
1448,NAYARIT,Mexico
1449,Distrito Federal,Mexico
1450,,Mexico
1451,CHIAPAS,Mexico
1452,Distrito Federal,Mexico
1453,TABASCO,Mexico
1454,VERACRUZ,Mexico
1455,BAJA CALIFORNIA,Mexico
1456,BAJA CALIFORNIA,Mexico
1457,SONORA,Mexico
1458,CHIAPAS,Mexico
1459,San Luis Potosí,Mexico
1460,Distrito Federal,Mexico
1461,Nuevo León,Mexico
1462,BAJA CALIFORNIA,Mexico
1463,BAJA CALIFORNIA,Mexico
1464,JALISCO,Mexico
1465,GUERRERO,Mexico
1466,Distrito Federal,Mexico
1467,TABASCO,Mexico
1468,,Mexico
1469,OAXACA,Mexico
1470,TABASCO,Mexico
1471,CHIAPAS,Mexico
1472,Nuevo León,Mexico
1473,SONORA,Mexico
1474,TABASCO,Mexico
1475,,Mexico
1476,CHIAPAS,Mexico
1477,SONORA,Mexico
1478,Querétaro,Mexico
1479,SONORA,Mexico
1480,,Mexico
1481,BAJA CALIFORNIA,Mexico
1482,CAMPECHE,Mexico
1483,BAJA CALIFORNIA,Mexico
1484,QUINTANA ROO,Mexico
1485,Michoacán,Mexico
1486,BAJA CALIFORNIA,Mexico
1487,OAXACA,Mexico
1488,JALISCO,Mexico
1489,CHIAPAS,Mexico
1490,BAJA CALIFORNIA,Mexico
1491,Yucatán,Mexico
1492,JALISCO,Mexico
1493,JALISCO,Mexico
1494,JALISCO,Mexico
1495,CHIAPAS,Mexico
1496,BAJA CALIFORNIA,Mexico
1497,JALISCO,Mexico
1498,JALISCO,Mexico
1499,JALISCO,Mexico
1500,SINALOA,Mexico
1501,JALISCO,Mexico
1502,BAJA CALIFORNIA,Mexico
1503,BAJA CALIFORNIA,Mexico
1504,QUINTANA ROO,Mexico
1505,BAJA CALIFORNIA,Mexico
1506,BAJA CALIFORNIA,Mexico
1507,BAJA CALIFORNIA,Mexico
1508,JALISCO,Mexico
1509,QUINTANA ROO,Mexico
1510,QUINTANA ROO,Mexico
1511,BAJA CALIFORNIA,Mexico
1512,BAJA CALIFORNIA,Mexico
1513,ZACATECAS,Mexico
1514,Distrito Federal,Mexico
1515,,Mexico
1516,,Mexico
1517,NAYARIT,Mexico
1518,Distrito Federal,Mexico
1519,,Mexico
1520,PUEBLA,Mexico
1521,PUEBLA,Mexico
1522,Michoacán,Mexico
1523,,Mexico
1524,Distrito Federal,Mexico
1525,SONORA,Mexico
1526,SONORA,Mexico
1527,,Mexico
1528,,Mexico
1529,Distrito Federal,Mexico
1530,Distrito Federal,Mexico
1531,QUINTANA ROO,Mexico
1532,Distrito Federal,Mexico
1533,CAMPECHE,Mexico
1534,Distrito Federal,Mexico
1535,CHIAPAS,Mexico
1536,Distrito Federal,Mexico
1537,VERACRUZ,Mexico
1538,QUINTANA ROO,Mexico
1539,BAJA CALIFORNIA,Mexico
1540,TAMAULIPAS,Mexico
1541,Distrito Federal,Mexico
1542,BAJA CALIFORNIA SUR,Mexico
1543,QUINTANA ROO,Mexico
1544,,Mexico
1545,QUINTANA ROO,Mexico
1546,CHIAPAS,Mexico
1547,JALISCO,Mexico
1548,JALISCO,Mexico
1549,CHIAPAS,Mexico
1550,Distrito Federal,Mexico
1551,,Mexico
1552,Distrito Federal,Mexico
1553,BAJA CALIFORNIA SUR,Mexico
1554,BAJA CALIFORNIA SUR,Mexico
1555,CHIHUAHUA,Mexico
1556,BAJA CALIFORNIA SUR,Mexico
1557,QUINTANA ROO,Mexico
1558,Nuevo León,Mexico
1559,,Mexico
1560,,Mexico
1561,TAMAULIPAS,Mexico
1562,,Mexico
1563,BAJA CALIFORNIA SUR,Mexico
1564,QUINTANA ROO,Mexico
1565,QUINTANA ROO,Mexico
1566,QUINTANA ROO,Mexico
1567,,Mexico
1568,,Mexico
1569,CHIHUAHUA,Mexico
1570,Distrito Federal,Mexico
1571,QUINTANA ROO,Mexico
1572,QUINTANA ROO,Mexico
1573,QUINTANA ROO,Mexico
1574,Distrito Federal,Mexico
1575,QUINTANA ROO,Mexico
1576,BAJA CALIFORNIA,Mexico
1577,JALISCO,Mexico
1578,,Mexico
1579,COAHUILA,Mexico
1580,,Mexico
1581,COAHUILA,Mexico
1582,COAHUILA,Mexico
1583,,Mexico
1584,Distrito Federal,Mexico
1585,JALISCO,Mexico
1586,HIDALGO,Mexico
1587,CHIHUAHUA,Mexico
1588,COAHUILA,Mexico
1589,Distrito Federal,Mexico
1590,Distrito Federal,Mexico
1591,CHIHUAHUA,Mexico
1592,,Mexico
1593,Distrito Federal,Mexico
1594,BAJA CALIFORNIA SUR,Mexico
1595,JALISCO,Mexico
1596,Distrito Federal,Mexico
1597,Distrito Federal,Mexico
1598,QUINTANA ROO,Mexico
1599,QUINTANA ROO,Mexico
1600,Michoacán,Mexico
1601,QUINTANA ROO,Mexico
1602,,Mexico
1603,PUEBLA,Mexico
1604,Distrito Federal,Mexico
1605,Nuevo León,Mexico
1606,,Mexico
1607,GUANAJUATO,Mexico
1608,PUEBLA,Mexico
1609,Nuevo León,Mexico
1610,TAMAULIPAS,Mexico
1611,GUANAJUATO,Mexico
1612,Nuevo León,Mexico
1613,BAJA CALIFORNIA,Mexico
1614,Distrito Federal,Mexico
1615,Distrito Federal,Mexico
1616,Distrito Federal,Mexico
1617,BAJA CALIFORNIA,Mexico
1618,,Mexico
1619,Distrito Federal,Mexico
1620,Distrito Federal,Mexico
1621,Nuevo León,Mexico
1622,QUINTANA ROO,Mexico
1623,QUINTANA ROO,Mexico
1624,CHIAPAS,Mexico
1625,COAHUILA,Mexico
1626,TABASCO,Mexico
1627,Nuevo León,Mexico
1628,Nuevo León,Mexico
1629,CAMPECHE,Mexico
1630,Distrito Federal,Mexico
1631,JALISCO,Mexico
1632,CHIAPAS,Mexico
1633,TABASCO,Mexico
1634,,Mexico
1635,MORELOS,Mexico
1636,CAMPECHE,Mexico
1637,TABASCO,Mexico
1638,Distrito Federal,Mexico
1639,BAJA CALIFORNIA,Mexico
1640,TABASCO,Mexico
1641,QUINTANA ROO,Mexico
1642,BAJA CALIFORNIA,Mexico
1643,COAHUILA,Mexico
1644,VERACRUZ,Mexico
1645,BAJA CALIFORNIA,Mexico
1646,JALISCO,Mexico
1647,BAJA CALIFORNIA,Mexico
1648,QUINTANA ROO,Mexico
1649,SONORA,Mexico
1650,TAMAULIPAS,Mexico
1651,QUINTANA ROO,Mexico
1652,TABASCO,Mexico
1653,CHIHUAHUA,Mexico
1654,BAJA CALIFORNIA,Mexico
1655,BAJA CALIFORNIA,Mexico
1656,BAJA CALIFORNIA,Mexico
1657,CHIHUAHUA,Mexico
1658,Michoacán,Mexico
1659,ZACATECAS,Mexico
1660,,Mexico
1661,SONORA,Mexico
1662,VERACRUZ,Mexico
1663,,Mexico
1664,Distrito Federal,Mexico
1665,BAJA CALIFORNIA,Mexico
1666,CHIHUAHUA,Mexico
1667,Michoacán,Mexico
1668,SONORA,Mexico
1669,Nuevo León,Mexico
1670,Nuevo León,Mexico
1671,,Mexico
1672,CHIAPAS,Mexico
1673,CHIAPAS,Mexico
1674,TAMAULIPAS,Mexico
1675,Nuevo León,Mexico
1676,QUINTANA ROO,Mexico
1677,TAMAULIPAS,Mexico
1678,,Mexico
1679,Nuevo León,Mexico
1680,,Mexico
1681,TABASCO,Mexico
1682,TAMAULIPAS,Mexico
1683,TAMAULIPAS,Mexico
1684,Distrito Federal,Mexico
1685,TAMAULIPAS,Mexico
1686,Distrito Federal,Mexico
1687,JALISCO,Mexico
1688,BAJA CALIFORNIA,Mexico
1689,QUINTANA ROO,Mexico
1690,SONORA,Mexico
1691,,Mexico
1692,BAJA CALIFORNIA,Mexico
1693,TABASCO,Mexico
1694,Michoacán,Mexico
1695,Yucatán,Mexico
1696,TAMAULIPAS,Mexico
1697,Distrito Federal,Mexico
1698,QUINTANA ROO,Mexico
1699,TAMAULIPAS,Mexico
1700,BAJA CALIFORNIA,Mexico
1701,MORELOS,Mexico
1702,TAMAULIPAS,Mexico
1703,Distrito Federal,Mexico
1704,ZACATECAS,Mexico
1705,CHIHUAHUA,Mexico
1706,,Mexico
1707,,Mexico
1708,TABASCO,Mexico
1709,MORELOS,Mexico
1710,Distrito Federal,Mexico
1711,MORELOS,Mexico
1712,MORELOS,Mexico
1713,Distrito Federal,Mexico
1714,COAHUILA,Mexico
1715,QUINTANA ROO,Mexico
1716,QUINTANA ROO,Mexico
1717,BAJA CALIFORNIA,Mexico
1718,SONORA,Mexico
1719,BAJA CALIFORNIA,Mexico
1720,CHIHUAHUA,Mexico
1721,,Mexico
1722,COAHUILA,Mexico
1723,QUINTANA ROO,Mexico
1724,Michoacán,Mexico
1725,TAMAULIPAS,Mexico
1726,,Mexico
1727,SONORA,Mexico
1728,Nuevo León,Mexico
1729,JALISCO,Mexico
1730,Distrito Federal,Mexico
1731,Querétaro,Mexico
1732,GUANAJUATO,Mexico
1733,BAJA CALIFORNIA,Mexico
1734,AGUASCALIENTES,Mexico
1735,CHIHUAHUA,Mexico
1736,Distrito Federal,Mexico
1737,PUEBLA,Mexico
1738,PUEBLA,Mexico
1739,VERACRUZ,Mexico
1740,,Mexico
1741,Nuevo León,Mexico
1742,JALISCO,Mexico
1743,,Mexico
1744,Nuevo León,Mexico
1745,CHIAPAS,Mexico
1746,Nuevo León,Mexico
1747,QUINTANA ROO,Mexico
1748,HIDALGO,Mexico
1749,HIDALGO,Mexico
1750,QUINTANA ROO,Mexico
1751,HIDALGO,Mexico
1752,QUINTANA ROO,Mexico
1753,TABASCO,Mexico
1754,QUINTANA ROO,Mexico
1755,QUINTANA ROO,Mexico
1756,HIDALGO,Mexico
1757,QUINTANA ROO,Mexico
1758,QUINTANA ROO,Mexico
1759,TLAXCALA,Mexico
1760,TABASCO,Mexico
1761,,Mexico
1762,Nuevo León,Mexico
1763,GUERRERO,Mexico
1764,Nuevo León,Mexico
1765,PUEBLA,Mexico
1766,QUINTANA ROO,Mexico
1767,PUEBLA,Mexico
1768,BAJA CALIFORNIA SUR,Mexico
1769,QUINTANA ROO,Mexico
1770,,Mexico
1771,Nuevo León,Mexico
1772,BAJA CALIFORNIA,Mexico
1773,,Mexico
1774,BAJA CALIFORNIA,Mexico
1775,TABASCO,Mexico
1776,,Mexico
1777,Distrito Federal,Mexico
1778,GUERRERO,Mexico
1779,Distrito Federal,Mexico
1780,DURANGO,Mexico
1781,DURANGO,Mexico
1782,,Mexico
1783,QUINTANA ROO,Mexico
1784,,Mexico
1785,Distrito Federal,Mexico
1786,PUEBLA,Mexico
1787,QUINTANA ROO,Mexico
1788,Distrito Federal,Mexico
1789,Distrito Federal,Mexico
1790,SONORA,Mexico
1791,Nuevo León,Mexico
1792,QUINTANA ROO,Mexico
1793,QUINTANA ROO,Mexico
1794,TABASCO,Mexico
1795,COAHUILA,Mexico
1796,TABASCO,Mexico
1797,,Mexico
1798,BAJA CALIFORNIA,Mexico
1799,QUINTANA ROO,Mexico
1800,HIDALGO,Mexico
1801,Distrito Federal,Mexico
1802,,Mexico
1803,Distrito Federal,Mexico
1804,QUINTANA ROO,Mexico
1805,QUINTANA ROO,Mexico
1806,GUERRERO,Mexico
1807,HIDALGO,Mexico
1808,QUINTANA ROO,Mexico
1809,Nuevo León,Mexico
1810,QUINTANA ROO,Mexico
1811,QUINTANA ROO,Mexico
1812,Nuevo León,Mexico
1813,CHIAPAS,Mexico
1814,CHIAPAS,Mexico
1815,QUINTANA ROO,Mexico
1816,TABASCO,Mexico
1817,Distrito Federal,Mexico
1818,Distrito Federal,Mexico
1819,ZACATECAS,Mexico
1820,QUINTANA ROO,Mexico
1821,,Mexico
1822,QUINTANA ROO,Mexico
1823,MORELOS,Mexico
1824,Distrito Federal,Mexico
1825,JALISCO,Mexico
1826,Distrito Federal,Mexico
1827,,Mexico
1828,MORELOS,Mexico
1829,QUINTANA ROO,Mexico
1830,Distrito Federal,Mexico
1831,PUEBLA,Mexico
1832,Distrito Federal,Mexico
1833,JALISCO,Mexico
1834,TAMAULIPAS,Mexico
1835,TLAXCALA,Mexico
1836,CHIAPAS,Mexico
1837,Distrito Federal,Mexico
1838,CHIAPAS,Mexico
1839,QUINTANA ROO,Mexico
1840,COAHUILA,Mexico
1841,Nuevo León,Mexico
1842,Distrito Federal,Mexico
1843,QUINTANA ROO,Mexico
1844,TLAXCALA,Mexico
1845,CHIAPAS,Mexico
1846,PUEBLA,Mexico
1847,QUINTANA ROO,Mexico
1848,QUINTANA ROO,Mexico
1849,QUINTANA ROO,Mexico
1850,QUINTANA ROO,Mexico
1851,QUINTANA ROO,Mexico
1852,QUINTANA ROO,Mexico
1853,BAJA CALIFORNIA,Mexico
1854,BAJA CALIFORNIA SUR,Mexico
1855,JALISCO,Mexico
1856,QUINTANA ROO,Mexico
1857,,Mexico
1858,BAJA CALIFORNIA,Mexico
1859,JALISCO,Mexico
1860,BAJA CALIFORNIA,Mexico
1861,Distrito Federal,Mexico
1862,,Mexico
1863,BAJA CALIFORNIA SUR,Mexico
1864,Distrito Federal,Mexico
1865,QUINTANA ROO,Mexico
1866,JALISCO,Mexico
1867,JALISCO,Mexico
1868,,Mexico
1869,Nuevo León,Mexico
1870,CHIAPAS,Mexico
1871,QUINTANA ROO,Mexico
1872,BAJA CALIFORNIA,Mexico
1873,COAHUILA,Mexico
1874,PUEBLA,Mexico
1875,BAJA CALIFORNIA SUR,Mexico
1876,BAJA CALIFORNIA SUR,Mexico
1877,CHIAPAS,Mexico
1878,,Mexico
1879,QUINTANA ROO,Mexico
1880,QUINTANA ROO,Mexico
1881,BAJA CALIFORNIA,Mexico
1882,QUINTANA ROO,Mexico
1883,QUINTANA ROO,Mexico
1884,QUINTANA ROO,Mexico
1885,QUINTANA ROO,Mexico
1886,JALISCO,Mexico
1887,QUINTANA ROO,Mexico
1888,CHIAPAS,Mexico
1889,,Mexico
1890,QUINTANA ROO,Mexico
1891,BAJA CALIFORNIA,Mexico
1892,JALISCO,Mexico
1893,Distrito Federal,Mexico
1894,Distrito Federal,Mexico
1895,,Mexico
1896,CHIAPAS,Mexico
1897,JALISCO,Mexico
1898,BAJA CALIFORNIA,Mexico
1899,Distrito Federal,Mexico
1900,BAJA CALIFORNIA,Mexico
1901,BAJA CALIFORNIA SUR,Mexico
1902,QUINTANA ROO,Mexico
1903,BAJA CALIFORNIA,Mexico
1904,,Mexico
1905,Distrito Federal,Mexico
1906,Distrito Federal,Mexico
1907,TLAXCALA,Mexico
1908,BAJA CALIFORNIA,Mexico
1909,ZACATECAS,Mexico
1910,BAJA CALIFORNIA,Mexico
1911,Distrito Federal,Mexico
1912,Michoacán,Mexico
1913,Distrito Federal,Mexico
1914,QUINTANA ROO,Mexico
1915,,Mexico
1916,COAHUILA,Mexico
1917,QUINTANA ROO,Mexico
1918,,Mexico
1919,,Mexico
1920,BAJA CALIFORNIA,Mexico
1921,TLAXCALA,Mexico
1922,AGUASCALIENTES,Mexico
1923,,Mexico
1924,BAJA CALIFORNIA SUR,Mexico
1925,PUEBLA,Mexico
1926,CHIHUAHUA,Mexico
1927,CHIAPAS,Mexico
1928,OAXACA,Mexico
1929,MORELOS,Mexico
1930,TAMAULIPAS,Mexico
1931,TABASCO,Mexico
1932,QUINTANA ROO,Mexico
1933,JALISCO,Mexico
1934,CHIAPAS,Mexico
1935,PUEBLA,Mexico
1936,ZACATECAS,Mexico
1937,Nuevo León,Mexico
1938,Nuevo León,Mexico
1939,Nuevo León,Mexico
1940,OAXACA,Mexico
1941,JALISCO,Mexico
1942,CHIHUAHUA,Mexico
1943,CHIAPAS,Mexico
1944,TABASCO,Mexico
1945,BAJA CALIFORNIA,Mexico
1946,BAJA CALIFORNIA SUR,Mexico
1947,BAJA CALIFORNIA SUR,Mexico
1948,,Mexico
1949,COAHUILA,Mexico
1950,Nuevo León,Mexico
1951,Nuevo León,Mexico
1952,BAJA CALIFORNIA,Mexico
1953,TABASCO,Mexico
1954,Distrito Federal,Mexico
1955,OAXACA,Mexico
1956,Distrito Federal,Mexico
1957,JALISCO,Mexico
1958,QUINTANA ROO,Mexico
1959,Nuevo León,Mexico
1960,TAMAULIPAS,Mexico
1961,TABASCO,Mexico
1962,TABASCO,Mexico
1963,TABASCO,Mexico
1964,TAMAULIPAS,Mexico
1965,,Mexico
1966,PUEBLA,Mexico
1967,BAJA CALIFORNIA SUR,Mexico
1968,QUINTANA ROO,Mexico
1969,TABASCO,Mexico
1970,TABASCO,Mexico
1971,HIDALGO,Mexico
1972,BAJA CALIFORNIA,Mexico
1973,,Mexico
1974,Distrito Federal,Mexico
1975,BAJA CALIFORNIA,Mexico
1976,BAJA CALIFORNIA,Mexico
1977,VERACRUZ,Mexico
1978,CHIAPAS,Mexico
1979,CHIAPAS,Mexico
1980,CHIHUAHUA,Mexico
1981,CHIAPAS,Mexico
1982,Distrito Federal,Mexico
1983,CAMPECHE,Mexico
1984,TAMAULIPAS,Mexico
1985,TAMAULIPAS,Mexico
1986,GUANAJUATO,Mexico
1987,CHIAPAS,Mexico
1988,Nuevo León,Mexico
1989,SONORA,Mexico
1990,TAMAULIPAS,Mexico
1991,VERACRUZ,Mexico
1992,QUINTANA ROO,Mexico
1993,,Mexico
1994,CHIHUAHUA,Mexico
1995,QUINTANA ROO,Mexico
1996,CHIHUAHUA,Mexico
1997,Nuevo León,Mexico
1998,JALISCO,Mexico
1999,TAMAULIPAS,Mexico
2000,VERACRUZ,Mexico
2001,TAMAULIPAS,Mexico
2002,JALISCO,Mexico
2003,CHIAPAS,Mexico
2004,CHIAPAS,Mexico
2005,CHIAPAS,Mexico
2006,Querétaro,Mexico
2007,San Luis Potosí,Mexico
2008,San Luis Potosí,Mexico
2009,JALISCO,Mexico
2010,BAJA CALIFORNIA SUR,Mexico
2011,San Luis Potosí,Mexico
2012,,Mexico
2013,JALISCO,Mexico
2014,San Luis Potosí,Mexico
2015,Distrito Federal,Mexico
2016,Nuevo León,Mexico
2017,Distrito Federal,Mexico
2018,Distrito Federal,Mexico
2019,CHIAPAS,Mexico
2020,TABASCO,Mexico
2021,Distrito Federal,Mexico
2022,Michoacán,Mexico
2023,TABASCO,Mexico
2024,Distrito Federal,Mexico
2025,QUINTANA ROO,Mexico
2026,CHIAPAS,Mexico
2027,QUINTANA ROO,Mexico
2028,QUINTANA ROO,Mexico
2029,QUINTANA ROO,Mexico
2030,Distrito Federal,Mexico
2031,QUINTANA ROO,Mexico
2032,Distrito Federal,Mexico
2033,QUINTANA ROO,Mexico
2034,Nuevo León,Mexico
2035,JALISCO,Mexico
2036,,Mexico
2037,Distrito Federal,Mexico
2038,QUINTANA ROO,Mexico
2039,Distrito Federal,Mexico
2040,QUINTANA ROO,Mexico
2041,Distrito Federal,Mexico
2042,Distrito Federal,Mexico
2043,Distrito Federal,Mexico
2044,Distrito Federal,Mexico
2045,Distrito Federal,Mexico
2046,QUINTANA ROO,Mexico
2047,Distrito Federal,Mexico
2048,Nuevo León,Mexico
2049,Distrito Federal,Mexico
2050,Distrito Federal,Mexico
2051,,Mexico
2052,JALISCO,Mexico
2053,Distrito Federal,Mexico
2054,Distrito Federal,Mexico
2055,Distrito Federal,Mexico
2056,Distrito Federal,Mexico
2057,Distrito Federal,Mexico
2058,Distrito Federal,Mexico
2059,Nuevo León,Mexico
2060,JALISCO,Mexico
2061,Distrito Federal,Mexico
2062,Distrito Federal,Mexico
2063,San Luis Potosí,Mexico
2064,Distrito Federal,Mexico
2065,Distrito Federal,Mexico
2066,Distrito Federal,Mexico
2067,Distrito Federal,Mexico
2068,Distrito Federal,Mexico
2069,,Mexico
2070,,Mexico
2071,,Mexico
2072,OAXACA,Mexico
2073,SONORA,Mexico
2074,Yucatán,Mexico
2075,Distrito Federal,Mexico
2076,Yucatán,Mexico
2077,,Mexico
2078,OAXACA,Mexico
2079,,Mexico
2080,BAJA CALIFORNIA,Mexico
2081,,Mexico
2082,,Mexico
2083,Distrito Federal,Mexico
2084,,Mexico
2085,,Mexico
2086,,Mexico
2087,JALISCO,Mexico
2088,Distrito Federal,Mexico
2089,BAJA CALIFORNIA SUR,Mexico
2090,ZACATECAS,Mexico
2091,Distrito Federal,Mexico
2092,,Mexico
2093,CHIAPAS,Mexico
2094,San Luis Potosí,Mexico
2095,CHIAPAS,Mexico
2096,Distrito Federal,Mexico
2097,JALISCO,Mexico
2098,San Luis Potosí,Mexico
2099,,Mexico
2100,VERACRUZ,Mexico
2101,QUINTANA ROO,Mexico
2102,CHIHUAHUA,Mexico
2103,,Mexico
2104,QUINTANA ROO,Mexico
2105,,Mexico
2106,VERACRUZ,Mexico
2107,,Mexico
2108,,Mexico
2109,BAJA CALIFORNIA,Mexico
2110,BAJA CALIFORNIA,Mexico
2111,,Mexico
2112,,Mexico
2113,Nuevo León,Mexico
2114,JALISCO,Mexico
2115,QUINTANA ROO,Mexico
2116,TABASCO,Mexico
2117,GUERRERO,Mexico
2118,Distrito Federal,Mexico
2119,TAMAULIPAS,Mexico
2120,TAMAULIPAS,Mexico
2121,,Mexico
2122,Distrito Federal,Mexico
2123,Distrito Federal,Mexico
2124,Distrito Federal,Mexico
2125,JALISCO,Mexico
2126,Distrito Federal,Mexico
2127,ZACATECAS,Mexico
2128,Distrito Federal,Mexico
2129,TAMAULIPAS,Mexico
2130,BAJA CALIFORNIA SUR,Mexico
2131,JALISCO,Mexico
2132,Distrito Federal,Mexico
2133,JALISCO,Mexico
2134,SONORA,Mexico
2135,TAMAULIPAS,Mexico
2136,COAHUILA,Mexico
2137,CHIAPAS,Mexico
2138,GUERRERO,Mexico
2139,GUERRERO,Mexico
2140,Distrito Federal,Mexico
2141,BAJA CALIFORNIA,Mexico
2142,COAHUILA,Mexico
2143,Distrito Federal,Mexico
2144,,Mexico
2145,BAJA CALIFORNIA,Mexico
2146,GUERRERO,Mexico
2147,GUANAJUATO,Mexico
2148,Distrito Federal,Mexico
2149,Distrito Federal,Mexico
2150,Distrito Federal,Mexico
2151,JALISCO,Mexico
2152,Distrito Federal,Mexico
2153,Distrito Federal,Mexico
2154,Distrito Federal,Mexico
2155,Distrito Federal,Mexico
2156,Distrito Federal,Mexico
2157,COAHUILA,Mexico
2158,QUINTANA ROO,Mexico
2159,JALISCO,Mexico
2160,Distrito Federal,Mexico
2161,Distrito Federal,Mexico
2162,Distrito Federal,Mexico
2163,Distrito Federal,Mexico
2164,QUINTANA ROO,Mexico
2165,Distrito Federal,Mexico
2166,Distrito Federal,Mexico
2167,SONORA,Mexico
2168,Distrito Federal,Mexico
2169,Distrito Federal,Mexico
2170,Distrito Federal,Mexico
2171,GUANAJUATO,Mexico
2172,Distrito Federal,Mexico
2173,Distrito Federal,Mexico
2174,Distrito Federal,Mexico
2175,GUANAJUATO,Mexico
2176,Distrito Federal,Mexico
2177,Distrito Federal,Mexico
2178,COAHUILA,Mexico
2179,AGUASCALIENTES,Mexico
2180,Distrito Federal,Mexico
2181,Distrito Federal,Mexico
2182,,Mexico
2183,Distrito Federal,Mexico
2184,Distrito Federal,Mexico
2185,Distrito Federal,Mexico
2186,Distrito Federal,Mexico
2187,QUINTANA ROO,Mexico
2188,Distrito Federal,Mexico
2189,Distrito Federal,Mexico
2190,Distrito Federal,Mexico
2191,CHIHUAHUA,Mexico
2192,Distrito Federal,Mexico
2193,Distrito Federal,Mexico
2194,QUINTANA ROO,Mexico
2195,Distrito Federal,Mexico
2196,Distrito Federal,Mexico
2197,QUINTANA ROO,Mexico
2198,CAMPECHE,Mexico
2199,,Mexico
2200,QUINTANA ROO,Mexico
2201,Distrito Federal,Mexico
2202,Distrito Federal,Mexico
2203,Distrito Federal,Mexico
2204,Distrito Federal,Mexico
2205,Distrito Federal,Mexico
2206,QUINTANA ROO,Mexico
2207,QUINTANA ROO,Mexico
2208,Distrito Federal,Mexico
2209,QUINTANA ROO,Mexico
2210,QUINTANA ROO,Mexico
2211,Distrito Federal,Mexico
2212,QUINTANA ROO,Mexico
2213,Distrito Federal,Mexico
2214,Distrito Federal,Mexico
2215,Distrito Federal,Mexico
2216,Distrito Federal,Mexico
2217,Distrito Federal,Mexico
2218,Distrito Federal,Mexico
2219,QUINTANA ROO,Mexico
2220,Distrito Federal,Mexico
2221,Distrito Federal,Mexico
2222,Distrito Federal,Mexico
2223,QUINTANA ROO,Mexico
2224,QUINTANA ROO,Mexico
2225,QUINTANA ROO,Mexico
2226,Distrito Federal,Mexico
2227,Distrito Federal,Mexico
2228,Distrito Federal,Mexico
2229,Distrito Federal,Mexico
2230,QUINTANA ROO,Mexico
2231,CHIAPAS,Mexico
2232,MORELOS,Mexico
2233,JALISCO,Mexico
2234,CHIAPAS,Mexico
2235,Nuevo León,Mexico
2236,Nuevo León,Mexico
2237,,Mexico
2238,CHIAPAS,Mexico
2239,CHIAPAS,Mexico
2240,Yucatán,Mexico
2241,CHIAPAS,Mexico
2242,CHIAPAS,Mexico
2243,JALISCO,Mexico
2244,BAJA CALIFORNIA,Mexico
2245,JALISCO,Mexico
2246,JALISCO,Mexico
2247,CHIAPAS,Mexico
2248,CHIAPAS,Mexico
2249,CHIAPAS,Mexico
2250,CHIAPAS,Mexico
2251,CHIAPAS,Mexico
2252,CHIAPAS,Mexico
2253,,Mexico
2254,CHIAPAS,Mexico
2255,Nuevo León,Mexico
2256,QUINTANA ROO,Mexico
2257,JALISCO,Mexico
2258,CHIAPAS,Mexico
2259,CHIAPAS,Mexico
2260,TAMAULIPAS,Mexico
2261,CHIAPAS,Mexico
2262,CHIAPAS,Mexico
2263,BAJA CALIFORNIA,Mexico
2264,JALISCO,Mexico
2265,BAJA CALIFORNIA,Mexico
2266,Distrito Federal,Mexico
2267,HIDALGO,Mexico
2268,Distrito Federal,Mexico
2269,Nuevo León,Mexico
2270,PUEBLA,Mexico
2271,VERACRUZ,Mexico
2272,Distrito Federal,Mexico
2273,Michoacán,Mexico
2274,Distrito Federal,Mexico
2275,GUANAJUATO,Mexico
2276,VERACRUZ,Mexico
2277,VERACRUZ,Mexico
2278,Nuevo León,Mexico
2279,,Mexico
2280,CHIHUAHUA,Mexico
2281,BAJA CALIFORNIA,Mexico
2282,HIDALGO,Mexico
2283,Distrito Federal,Mexico
2284,,Mexico
2285,BAJA CALIFORNIA,Mexico
2286,Distrito Federal,Mexico
2287,Michoacán,Mexico
2288,CHIAPAS,Mexico
2289,VERACRUZ,Mexico
2290,Distrito Federal,Mexico
2291,VERACRUZ,Mexico
2292,CHIAPAS,Mexico
2293,,Mexico
2294,Distrito Federal,Mexico
2295,Nuevo León,Mexico
2296,TLAXCALA,Mexico
2297,CHIAPAS,Mexico
2298,CHIAPAS,Mexico
2299,,Mexico
2300,CHIAPAS,Mexico
2301,Michoacán,Mexico
2302,SONORA,Mexico
2303,BAJA CALIFORNIA,Mexico
2304,COAHUILA,Mexico
2305,,Mexico
2306,AGUASCALIENTES,Mexico
2307,,Mexico
2308,Distrito Federal,Mexico
2309,,Mexico
2310,TABASCO,Mexico
2311,CHIAPAS,Mexico
2312,CHIAPAS,Mexico
2313,BAJA CALIFORNIA,Mexico
2314,CHIAPAS,Mexico
2315,San Luis Potosí,Mexico
2316,SINALOA,Mexico
2317,Yucatán,Mexico
2318,San Luis Potosí,Mexico
2319,CHIAPAS,Mexico
2320,CHIAPAS,Mexico
2321,Yucatán,Mexico
2322,BAJA CALIFORNIA,Mexico
2323,CHIAPAS,Mexico
2324,OAXACA,Mexico
2325,CHIAPAS,Mexico
2326,TABASCO,Mexico
2327,Distrito Federal,Mexico
2328,PUEBLA,Mexico
2329,TABASCO,Mexico
2330,CHIAPAS,Mexico
2331,VERACRUZ,Mexico
2332,San Luis Potosí,Mexico
2333,Nuevo León,Mexico
2334,,Mexico
2335,SONORA,Mexico
2336,CHIAPAS,Mexico
2337,CHIAPAS,Mexico
2338,,Mexico
2339,San Luis Potosí,Mexico
2340,Distrito Federal,Mexico
2341,QUINTANA ROO,Mexico
2342,Distrito Federal,Mexico
2343,PUEBLA,Mexico
2344,JALISCO,Mexico
2345,COAHUILA,Mexico
2346,QUINTANA ROO,Mexico
2347,JALISCO,Mexico
2348,CHIAPAS,Mexico
2349,MORELOS,Mexico
2350,BAJA CALIFORNIA SUR,Mexico
2351,DURANGO,Mexico
2352,Distrito Federal,Mexico
2353,QUINTANA ROO,Mexico
2354,ZACATECAS,Mexico
2355,JALISCO,Mexico
2356,COAHUILA,Mexico
2357,COAHUILA,Mexico
2358,QUINTANA ROO,Mexico
2359,VERACRUZ,Mexico
2360,,Mexico
2361,JALISCO,Mexico
2362,,Mexico
2363,,Mexico
2364,,Mexico
2365,,Mexico
2366,,Mexico
2367,QUINTANA ROO,Mexico
2368,,Mexico
2369,QUINTANA ROO,Mexico
2370,CHIAPAS,Mexico
2371,,Mexico
2372,,Mexico
2373,,Mexico
2374,QUINTANA ROO,Mexico
2375,QUINTANA ROO,Mexico
2376,QUINTANA ROO,Mexico
2377,JALISCO,Mexico
2378,PUEBLA,Mexico
2379,CHIAPAS,Mexico
2380,Distrito Federal,Mexico
2381,Distrito Federal,Mexico
2382,Distrito Federal,Mexico
2383,Distrito Federal,Mexico
2384,Distrito Federal,Mexico
2385,Distrito Federal,Mexico
2386,Distrito Federal,Mexico
2387,Distrito Federal,Mexico
2388,Distrito Federal,Mexico
2389,Distrito Federal,Mexico
2390,Distrito Federal,Mexico
2391,Distrito Federal,Mexico
2392,Distrito Federal,Mexico
2393,Distrito Federal,Mexico
2394,CHIAPAS,Mexico
2395,CHIAPAS,Mexico
2396,CHIAPAS,Mexico
2397,CHIAPAS,Mexico
2398,CHIAPAS,Mexico
2399,CHIAPAS,Mexico
2400,CHIAPAS,Mexico
2401,Yucatán,Mexico
2402,Yucatán,Mexico
2403,Distrito Federal,Mexico
2404,Distrito Federal,Mexico
2405,VERACRUZ,Mexico
2406,VERACRUZ,Mexico
2407,VERACRUZ,Mexico
2408,VERACRUZ,Mexico
2409,Distrito Federal,Mexico
2410,Distrito Federal,Mexico
2411,Distrito Federal,Mexico
2412,Distrito Federal,Mexico
2413,Distrito Federal,Mexico
2414,Distrito Federal,Mexico
2415,Distrito Federal,Mexico
2416,,Mexico
2417,,Mexico
2418,,Mexico
2419,Distrito Federal,Mexico
2420,Distrito Federal,Mexico
2421,,Mexico
2422,,Mexico
2423,,Mexico
2424,QUINTANA ROO,Mexico
2425,QUINTANA ROO,Mexico
2426,,Mexico
2427,Distrito Federal,Mexico
2428,BAJA CALIFORNIA,Mexico
2429,BAJA CALIFORNIA,Mexico
2430,BAJA CALIFORNIA,Mexico
2431,QUINTANA ROO,Mexico
2432,VERACRUZ,Mexico
2433,Distrito Federal,Mexico
2434,,Mexico
2435,,Mexico
2436,BAJA CALIFORNIA,Mexico
2437,BAJA CALIFORNIA,Mexico
2438,BAJA CALIFORNIA,Mexico
2439,BAJA CALIFORNIA,Mexico
2440,BAJA CALIFORNIA,Mexico
2441,BAJA CALIFORNIA,Mexico
2442,BAJA CALIFORNIA,Mexico
2443,BAJA CALIFORNIA,Mexico
2444,,Mexico
2445,VERACRUZ,Mexico
2446,OAXACA,Mexico
2447,,Mexico
2448,Distrito Federal,Mexico
2449,QUINTANA ROO,Mexico
2450,CHIAPAS,Mexico
2451,CHIAPAS,Mexico
2452,CHIAPAS,Mexico
2453,CHIAPAS,Mexico
2454,CHIAPAS,Mexico
2455,QUINTANA ROO,Mexico
2456,QUINTANA ROO,Mexico
2457,BAJA CALIFORNIA,Mexico
2458,BAJA CALIFORNIA,Mexico
2459,BAJA CALIFORNIA,Mexico
2460,BAJA CALIFORNIA,Mexico
2461,BAJA CALIFORNIA,Mexico
2462,BAJA CALIFORNIA,Mexico
2463,VERACRUZ,Mexico
2464,BAJA CALIFORNIA,Mexico
2465,BAJA CALIFORNIA,Mexico
2466,CHIAPAS,Mexico
2467,CHIAPAS,Mexico
2468,CHIAPAS,Mexico
2469,CHIAPAS,Mexico
2470,Distrito Federal,Mexico
2471,Jalisco,Mexico
2472,Jalisco,Mexico
2473,Distrito Federal,Mexico
2474,Jalisco,Mexico
2475,Jalisco,Mexico
2476,CHIAPAS,Mexico
2477,CHIAPAS,Mexico
2478,Jalisco,Mexico
2479,Jalisco,Mexico
2480,Jalisco,Mexico
2481,Jalisco,Mexico
2482,CHIAPAS,Mexico
2483,Distrito Federal,Mexico
2484,Distrito Federal,Mexico
2485,Distrito Federal,Mexico
2486,Distrito Federal,Mexico
2487,Distrito Federal,Mexico
2488,Distrito Federal,Mexico
2489,Jalisco,Mexico
2490,Distrito Federal,Mexico
2491,Distrito Federal,Mexico
2492,Distrito Federal,Mexico
2493,Distrito Federal,Mexico
2494,Distrito Federal,Mexico
2495,Distrito Federal,Mexico
2496,Distrito Federal,Mexico
2497,,Mexico
2498,Distrito Federal,Mexico
2499,QUINTANA ROO,Mexico
2500,Jalisco,Mexico
2501,Jalisco,Mexico
2502,Jalisco,Mexico
2503,Jalisco,Mexico
2504,QUINTANA ROO,Mexico
2505,QUINTANA ROO,Mexico
2506,QUINTANA ROO,Mexico
2507,QUINTANA ROO,Mexico
2508,CAMPECHE,Mexico
2509,CHIAPAS,Mexico
2510,CHIAPAS,Mexico
2511,CHIAPAS,Mexico
2512,,Mexico
2513,Querétaro,Mexico
2514,ZACATECAS,Mexico
2515,CAMPECHE,Mexico
2516,OAXACA,Mexico
2517,Michoacán,Mexico
2518,Querétaro,Mexico
2519,,Mexico
2520,BAJA CALIFORNIA,Mexico
2521,Yucatán,Mexico
2522,,Mexico
2523,QUINTANA ROO,Mexico
2524,QUINTANA ROO,Mexico
2525,QUINTANA ROO,Mexico
2526,QUINTANA ROO,Mexico
2527,,Mexico
2528,,Mexico
2529,San Luis Potosí,Mexico
2530,Chihuahua,Mexico
2531,BAJA CALIFORNIA,Mexico
2532,BAJA CALIFORNIA,Mexico
2533,Chihuahua,Mexico
2534,,Mexico
2535,,Mexico
2536,Nuevo León,Mexico
2537,Nuevo León,Mexico
2538,Nuevo León,Mexico
2539,Nuevo León,Mexico
2540,VERACRUZ,Mexico
2541,SONORA,Mexico
2542,Chihuahua,Mexico
2543,CHIAPAS,Mexico
2544,Michoacán,Mexico
2545,Distrito Federal,Mexico
2546,Distrito Federal,Mexico
2547,Distrito Federal,Mexico
2548,Distrito Federal,Mexico
2549,Distrito Federal,Mexico
2550,Distrito Federal,Mexico
2551,OAXACA,Mexico
2552,San Luis Potosí,Mexico
2553,VERACRUZ,Mexico
2554,VERACRUZ,Mexico
2555,CHIAPAS,Mexico
2556,Michoacán,Mexico
2557,San Luis Potosí,Mexico
2558,CHIAPAS,Mexico
2559,CHIAPAS,Mexico
2560,QUINTANA ROO,Mexico
2561,HIDALGO,Mexico
2562,QUINTANA ROO,Mexico
2563,SONORA,Mexico
2564,HIDALGO,Mexico
2565,,Mexico
2566,,Mexico
2567,CHIAPAS,Mexico
2568,CHIAPAS,Mexico
2569,CHIAPAS,Mexico
2570,CHIAPAS,Mexico
2571,CHIAPAS,Mexico
2572,CHIAPAS,Mexico
2573,CHIAPAS,Mexico
2574,CHIAPAS,Mexico
2575,CHIAPAS,Mexico
2576,CHIAPAS,Mexico
2577,CHIAPAS,Mexico
2578,VERACRUZ,Mexico
2579,VERACRUZ,Mexico
2580,VERACRUZ,Mexico
2581,VERACRUZ,Mexico
2582,QUINTANA ROO,Mexico
2583,QUINTANA ROO,Mexico
2584,QUINTANA ROO,Mexico
2585,QUINTANA ROO,Mexico
2586,Distrito Federal,Mexico
2587,Distrito Federal,Mexico
2588,Distrito Federal,Mexico
2589,Distrito Federal,Mexico
2590,Distrito Federal,Mexico
2591,Distrito Federal,Mexico
2592,Distrito Federal,Mexico
2593,Yucatán,Mexico
2594,TABASCO,Mexico
2595,TABASCO,Mexico
2596,TABASCO,Mexico
2597,TABASCO,Mexico
2598,TABASCO,Mexico
2599,TABASCO,Mexico
2600,TABASCO,Mexico
2601,TABASCO,Mexico
2602,TABASCO,Mexico
2603,COAHUILA,Mexico
2604,COAHUILA,Mexico
2605,COAHUILA,Mexico
2606,VERACRUZ,Mexico
2607,VERACRUZ,Mexico
2608,CHIAPAS,Mexico
2609,CHIAPAS,Mexico
2610,CHIAPAS,Mexico
2611,CHIAPAS,Mexico
2612,CHIAPAS,Mexico
2613,CHIAPAS,Mexico
2614,CHIAPAS,Mexico
2615,CHIAPAS,Mexico
2616,CHIAPAS,Mexico
2617,CHIAPAS,Mexico
2618,CHIAPAS,Mexico
2619,Nuevo León,Mexico
2620,Nuevo León,Mexico
2621,Nuevo León,Mexico
2622,Nuevo León,Mexico
2623,Nuevo León,Mexico
2624,Nuevo León,Mexico
2625,Nuevo León,Mexico
2626,Nuevo León,Mexico
2627,Nuevo León,Mexico
2628,Nuevo León,Mexico
2629,TAMAULIPAS,Mexico
2630,TAMAULIPAS,Mexico
2631,TAMAULIPAS,Mexico
2632,TAMAULIPAS,Mexico
2633,TAMAULIPAS,Mexico
2634,TAMAULIPAS,Mexico
2635,TAMAULIPAS,Mexico
2636,TAMAULIPAS,Mexico
2637,TAMAULIPAS,Mexico
2638,CHIAPAS,Mexico
2639,CHIAPAS,Mexico
2640,CHIAPAS,Mexico
2641,CHIAPAS,Mexico
2642,CHIAPAS,Mexico
2643,CHIAPAS,Mexico
2644,CHIAPAS,Mexico
2645,VERACRUZ,Mexico
2646,VERACRUZ,Mexico
2647,VERACRUZ,Mexico
2648,VERACRUZ,Mexico
2649,VERACRUZ,Mexico
2650,VERACRUZ,Mexico
2651,VERACRUZ,Mexico
2652,TABASCO,Mexico
2653,OAXACA,Mexico
2654,OAXACA,Mexico
2655,OAXACA,Mexico
2656,OAXACA,Mexico
2657,OAXACA,Mexico
2658,OAXACA,Mexico
2659,OAXACA,Mexico
2660,OAXACA,Mexico
2661,CHIAPAS,Mexico
2662,CHIAPAS,Mexico
2663,CHIAPAS,Mexico
2664,CHIAPAS,Mexico
2665,CHIAPAS,Mexico
2666,CHIAPAS,Mexico
2667,CHIAPAS,Mexico
2668,CHIAPAS,Mexico
2669,CHIAPAS,Mexico
2670,CHIAPAS,Mexico
2671,CHIAPAS,Mexico
2672,CHIAPAS,Mexico
2673,SONORA,Mexico
2674,SONORA,Mexico
2675,SONORA,Mexico
2676,SONORA,Mexico
2677,VERACRUZ,Mexico
2678,CHIAPAS,Mexico
2679,SONORA,Mexico
2680,SONORA,Mexico
2681,CHIAPAS,Mexico
2682,CHIAPAS,Mexico
2683,CHIAPAS,Mexico
2684,CHIAPAS,Mexico
2685,CHIAPAS,Mexico
2686,CHIAPAS,Mexico
2687,CHIAPAS,Mexico
2688,CHIAPAS,Mexico
2689,CHIAPAS,Mexico
2690,CHIAPAS,Mexico
2691,CHIAPAS,Mexico
2692,CHIAPAS,Mexico
2693,CHIAPAS,Mexico
2694,CHIAPAS,Mexico
2695,CHIAPAS,Mexico
2696,CHIAPAS,Mexico
2697,SONORA,Mexico
2698,SONORA,Mexico
2699,SONORA,Mexico
2700,SONORA,Mexico
2701,SONORA,Mexico
2702,SONORA,Mexico
2703,SONORA,Mexico
2704,SONORA,Mexico
2705,SONORA,Mexico
2706,CHIAPAS,Mexico
2707,SONORA,Mexico
2708,SONORA,Mexico
2709,SONORA,Mexico
2710,SONORA,Mexico
2711,Chihuahua,Mexico
2712,Chihuahua,Mexico
2713,Chihuahua,Mexico
2714,Chihuahua,Mexico
2715,Chihuahua,Mexico
2716,Chihuahua,Mexico
2717,Chihuahua,Mexico
2718,Chihuahua,Mexico
2719,Chihuahua,Mexico
2720,Chihuahua,Mexico
2721,COAHUILA,Mexico
2722,QUINTANA ROO,Mexico
2723,QUINTANA ROO,Mexico
2724,QUINTANA ROO,Mexico
2725,QUINTANA ROO,Mexico
2726,QUINTANA ROO,Mexico
2727,QUINTANA ROO,Mexico
2728,QUINTANA ROO,Mexico
2729,QUINTANA ROO,Mexico
2730,QUINTANA ROO,Mexico
2731,QUINTANA ROO,Mexico
2732,QUINTANA ROO,Mexico
2733,QUINTANA ROO,Mexico
2734,QUINTANA ROO,Mexico
2735,QUINTANA ROO,Mexico
2736,OAXACA,Mexico
2737,OAXACA,Mexico
2738,GUANAJUATO,Mexico
2739,GUANAJUATO,Mexico
2740,GUANAJUATO,Mexico
2741,GUANAJUATO,Mexico
2742,OAXACA,Mexico
2743,CHIAPAS,Mexico
2744,Distrito Federal,Mexico
2745,GUANAJUATO,Mexico
2746,Michoacán,Mexico
2747,Yucatán,Mexico
2748,OAXACA,Mexico
2749,OAXACA,Mexico
2750,COAHUILA,Mexico
2751,VERACRUZ,Mexico
2752,SONORA,Mexico
2753,,Mexico
2754,SONORA,Mexico
2755,Michoacán,Mexico
2756,VERACRUZ,Mexico
2757,VERACRUZ,Mexico
2758,VERACRUZ,Mexico
2759,CHIAPAS,Mexico
2760,MORELOS,Mexico
2761,Distrito Federal,Mexico
2762,TABASCO,Mexico
2763,TABASCO,Mexico
2764,TABASCO,Mexico
2765,,Mexico
2766,CHIAPAS,Mexico
2767,Distrito Federal,Mexico
2768,Distrito Federal,Mexico
2769,Distrito Federal,Mexico
2770,BAJA CALIFORNIA SUR,Mexico
2771,BAJA CALIFORNIA,Mexico
2772,Chihuahua,Mexico
2773,MORELOS,Mexico
2774,,Mexico
2775,,Mexico
2776,,Mexico
2777,,Mexico
2778,Distrito Federal,Mexico
2779,PUEBLA,Mexico
2780,Chihuahua,Mexico
2781,Distrito Federal,Mexico
2782,Distrito Federal,Mexico
2783,Jalisco,Mexico
2784,Distrito Federal,Mexico
2785,Distrito Federal,Mexico
2786,Distrito Federal,Mexico
2787,Distrito Federal,Mexico
2788,Distrito Federal,Mexico
2789,COAHUILA,Mexico
2790,BAJA CALIFORNIA,Mexico
2791,Distrito Federal,Mexico
2792,Distrito Federal,Mexico
2793,DURANGO,Mexico
2794,DURANGO,Mexico
2795,TABASCO,Mexico
2796,Distrito Federal,Mexico
2797,Distrito Federal,Mexico
2798,BAJA CALIFORNIA SUR,Mexico
2799,Nuevo León,Mexico
2800,TABASCO,Mexico
2801,Nuevo León,Mexico
2802,Distrito Federal,Mexico
2803,SONORA,Mexico
2804,Nuevo León,Mexico
2805,Distrito Federal,Mexico
2806,San Luis Potosí,Mexico
2807,Jalisco,Mexico
2808,TAMAULIPAS,Mexico
2809,Distrito Federal,Mexico
2810,TAMAULIPAS,Mexico
2811,,Mexico
2812,Distrito Federal,Mexico
2813,Distrito Federal,Mexico
2814,Distrito Federal,Mexico
2815,Distrito Federal,Mexico
2816,Distrito Federal,Mexico
2817,Distrito Federal,Mexico
2818,Distrito Federal,Mexico
2819,Distrito Federal,Mexico
2820,Distrito Federal,Mexico
2821,CHIAPAS,Mexico
2822,CHIAPAS,Mexico
2823,CHIAPAS,Mexico
2824,CHIAPAS,Mexico
2825,CHIAPAS,Mexico
2826,CHIAPAS,Mexico
2827,Distrito Federal,Mexico
2828,Distrito Federal,Mexico
2829,Distrito Federal,Mexico
2830,Distrito Federal,Mexico
2831,Distrito Federal,Mexico
2832,Distrito Federal,Mexico
2833,Distrito Federal,Mexico
2834,Distrito Federal,Mexico
2835,,Mexico
2836,Distrito Federal,Mexico
2837,Distrito Federal,Mexico
2838,Distrito Federal,Mexico
2839,Distrito Federal,Mexico
2840,Distrito Federal,Mexico
2841,,Mexico
2842,,Mexico
2843,MORELOS,Mexico
2844,MORELOS,Mexico
2845,,Mexico
2846,COAHUILA,Mexico
2847,COAHUILA,Mexico
2848,COAHUILA,Mexico
2849,,Mexico
2850,,Mexico
2851,Distrito Federal,Mexico
2852,,Mexico
2853,,Mexico
2854,,Mexico
2855,,Mexico
2856,,Mexico
2857,GUERRERO,Mexico
2858,Yucatán,Mexico
2859,HIDALGO,Mexico
2860,GUANAJUATO,Mexico
2861,,Mexico
2862,CHIAPAS,Mexico
2863,CHIAPAS,Mexico
2864,Jalisco,Mexico
2865,Jalisco,Mexico
2866,Jalisco,Mexico
2867,MORELOS,Mexico
2868,MORELOS,Mexico
2869,Distrito Federal,Mexico
2870,,Mexico
2871,Distrito Federal,Mexico
2872,Distrito Federal,Mexico